EpochTime;S1;S2;S3;S4;S5;S6;S7;S8;S9;S10
1759494949.159785;61804.65;51844.26;33576.80;35236.34;49956.87;41622.87;30075.14;43567.68;26908.79;69000.00
1759494949.2726731;62039.18;52026.29;33679.85;35418.74;50072.01;41533.14;30045.06;43329.95;26961.96;69461.92
1759494949.385657;62039.18;52026.29;33611.11;35236.34;49956.87;41488.37;30075.14;43424.83;26961.96;69092.01
1759494949.498645;61804.65;52026.29;33748.76;35200.00;50129.71;41488.37;30075.14;43472.38;26988.58;68908.17
1759494949.611784;61416.67;52026.29;33611.11;35091.25;50014.40;41488.37;30045.06;43567.68;27015.24;69000.00
1759494949.724662;61571.43;52148.14;33679.85;35200.00;50187.50;41309.91;30105.26;43951.69;26961.96;69461.92
1759494949.837899;61416.67;52087.16;33576.80;35127.45;50014.40;41399.01;30135.42;43377.35;26935.36;69369.16
1759494949.950829;61032.26;52516.14;33852.44;35309.15;49670.64;42121.00;30015.01;43663.26;26855.75;69741.34
1759494950.0637;60500.01;52087.16;33852.44;35935.69;50014.40;42719.83;30105.26;44683.94;26829.27;70305.32
1759494950.176691;60198.89;52148.14;34130.84;36085.11;49899.43;42350.00;30045.06;46509.50;26961.96;70685.20
1759494950.2898118;59529.41;52087.16;34095.89;36462.04;50419.62;41622.87;30165.61;47945.66;26723.63;70210.84
1759494950.402643;59162.16;51663.12;34130.84;36690.55;50536.23;40693.11;30075.14;48437.84;26670.99;69741.34
1759494950.515649;58725.80;52026.29;34130.84;36462.04;50947.37;40736.77;30105.26;48437.84;26618.46;69369.16
1759494950.629079;58581.40;51663.12;34130.84;36959.43;51303.50;40605.98;30500.00;49104.97;26566.04;68816.53
1759494950.741601;58437.50;52087.16;34200.88;36998.04;51663.12;40475.73;30745.90;49330.16;26776.39;69184.21
1759494950.854691;58437.50;51663.12;33783.28;36882.36;51542.86;40649.52;30807.74;49273.73;26670.99;68908.17
1759494950.967615;58509.39;51965.51;34165.84;37075.41;51125.00;40475.73;30838.71;49386.68;26802.82;68725.08
1759494951.080595;58365.75;51904.83;34095.89;37191.86;50711.87;40302.91;30838.71;49161.14;26723.63;68816.53
1759494951.19362;58653.54;51965.51;34165.84;37114.18;50829.43;40173.92;30807.74;49048.89;26723.63;68816.53
1759494951.306644;58222.62;51904.83;34095.89;37114.18;50711.87;40173.92;30622.66;48714.29;26670.99;68542.72
1759494951.419592;58151.25;51602.94;34235.96;36767.12;50711.87;39875.00;30561.26;48548.16;26829.27;68725.08
1759494951.532619;58080.00;51783.78;34200.88;36424.12;50072.01;39747.77;30530.61;48437.84;26644.71;68908.17
1759494951.645824;57937.89;51904.83;34165.84;36538.01;50129.71;39705.48;30500.00;48273.02;26697.30;69000.00
1759494951.758764;57867.03;51904.83;34341.46;36614.18;50187.50;39536.88;30530.61;48327.87;26618.46;69092.01
1759494951.8716311;57796.29;51904.83;34200.88;36122.58;49842.10;39494.88;30500.00;48273.02;26670.99;68908.17
1759494951.9846752;57655.18;51844.26;34235.96;36272.96;49956.87;39327.43;30469.43;48218.24;26644.71;69092.01
1759494952.097684;57655.18;51542.86;34271.09;35713.01;50361.45;38830.52;30500.00;48273.02;26644.71;68908.17
1759494952.210597;57655.18;51844.26;34875.00;35492.03;50419.62;38422.53;31181.82;48714.29;26750.00;68270.55
1759494952.323606;58509.39;51542.86;36122.58;37308.76;51125.00;39119.41;32633.11;48714.29;26776.39;68633.80
1759494952.436875;58365.75;52209.22;41221.05;43472.38;51303.50;40912.01;34767.48;50072.01;26908.79;68816.53
1759494952.5495539;62671.05;54282.80;55797.93;60273.96;54347.45;44438.05;39578.95;53515.50;27041.92;68451.80
1759494952.662724;66323.52;56887.91;68725.08;79452.71;70210.84;46928.84;37269.74;54868.61;27527.21;68000.00
1759494952.77557;69461.92;63070.81;79452.71;95457.64;83863.70;47783.12;35602.30;53769.55;28133.56;67820.55
1759494952.888623;72831.58;70685.20;88404.39;112865.26;97800.52;48769.84;34982.92;52577.82;28984.72;68000.00
1759494953.0016682;75817.59;76999.99;97166.66;130179.05;109710.54;49386.68;34875.00;50947.37;29568.40;68090.01
1759494953.114638;77218.05;81432.84;103473.54;141799.98;117674.44;49386.68;35309.15;51844.26;29835.44;68270.55
1759494953.227666;78211.34;88675.70;114087.59;151583.81;124965.77;48492.96;35713.01;52763.49;29895.16;68270.55
1759494953.340553;78211.34;96852.24;124726.41;158541.03;127651.17;47675.17;35602.30;54089.52;30469.43;69276.59
1759494953.4537559;76244.27;106333.31;131999.98;163752.59;131999.98;47945.66;35091.25;55865.17;30838.71;68725.08
1759494953.5666602;74766.93;109135.38;137451.34;172159.44;137734.06;49048.89;34910.93;56203.12;31561.23;69000.00
1759494953.679567;73636.94;107812.70;133060.20;173847.77;138875.00;49670.64;34696.04;54282.80;31946.11;69184.21
1759494953.792795;72039.66;106150.77;134406.28;170912.17;136330.42;49104.97;34553.67;53515.50;32043.19;69461.92
1759494953.9055429;71746.10;105606.22;133865.02;170499.97;135775.86;49048.89;34518.20;53578.86;31720.93;69276.59
1759494954.018708;71164.44;105066.28;133327.56;170089.53;134951.25;49330.16;34341.46;53137.62;31688.92;69369.16
1759494954.13154;70494.88;104176.47;130179.05;168465.11;131999.98;48437.84;34095.89;52950.09;31497.63;69276.59
1759494954.244624;70494.88;103648.54;129411.77;166867.92;132263.67;48492.96;33991.30;52701.50;31434.16;69276.59
1759494954.357653;70305.32;103473.54;128400.67;166472.80;131214.27;49443.30;33748.76;52270.40;31181.82;68908.17
1759494954.4704928;69741.34;103648.54;129157.71;164521.75;131999.98;51065.69;33576.80;51542.86;30900.76;68725.08
1759494954.5835378;69092.01;105787.22;126418.47;170912.17;138302.50;60123.96;33100.92;50361.45;30317.07;68816.53
1759494954.6965911;69554.87;108754.73;125205.91;171326.14;149600.02;76459.02;33033.60;49217.39;29362.60;68908.17
1759494954.8095381;69369.16;100404.87;115752.32;164136.39;158541.03;90052.25;32402.18;48437.84;28022.21;67910.19
1759494954.922584;70399.98;97800.52;105245.75;157462.11;160000.05;101073.79;31276.17;49613.66;27256.43;68000.00
1759494955.0356102;70780.65;90894.74;91178.39;145453.48;156396.00;105066.28;29187.50;49499.99;26750.00;67910.19
1759494955.1486342;74456.12;84868.34;73738.56;129157.71;150586.22;104530.90;27636.36;48603.45;26435.48;68542.72
1759494955.261687;82634.13;75605.64;57937.89;101750.02;139451.63;93057.45;27229.51;50477.88;26228.05;68542.72
1759494955.3745291;83491.82;63474.37;44634.62;65551.02;110876.11;70589.95;27175.77;53515.50;26487.62;68542.72
1759494955.487626;77878.04;58725.80;40346.03;51542.86;83988.25;60955.81;27148.94;55264.16;26855.75;68816.53
1759494955.600606;74249.98;57165.19;38625.85;52950.09;66758.61;56612.56;27229.51;56271.07;26961.96;68816.53
1759494955.713561;72831.58;56681.22;38341.59;51723.40;64959.46;55865.17;27122.14;55865.17;26882.26;69000.00
1759494955.826557;70972.15;56339.13;37900.27;49217.39;63151.22;54089.52;26988.58;54607.13;26935.36;68270.55
1759494955.939633;68633.80;56203.12;37820.71;46823.53;61185.60;50014.40;27229.51;54868.61;27122.14;68542.72
1759494956.052601;66237.02;56203.12;37662.25;42953.13;56887.91;44389.10;27472.81;53326.09;26935.36;68816.53
1759494956.1655848;63070.81;56407.31;36576.07;40562.50;53515.50;40868.11;27994.45;50594.69;27068.63;69092.01
1759494956.2786481;61882.68;55530.12;34875.00;37980.02;53705.88;39285.71;30561.26;48714.29;27310.35;69092.01
1759494956.391525;60879.49;56271.07;34026.12;36767.12;54025.31;40649.52;31087.80;47406.77;27445.66;69092.01
1759494956.504529;60803.32;56544.02;34731.74;37741.38;53452.26;44145.38;31402.49;48218.24;27581.73;69276.59
1759494956.617496;60424.53;58294.12;46876.14;47193.55;51303.50;48273.02;33474.14;49499.99;27994.45;69000.00
1759494956.7305448;60273.96;59162.16;70876.30;65721.52;50303.38;50477.88;32600.00;49104.97;28783.54;69369.16
1759494956.843595;61339.51;59235.34;77878.04;80842.47;53263.16;51006.48;32271.08;48992.91;29716.42;69554.87
1759494956.9566221;62750.70;62830.50;81670.88;98120.00;68090.01;50361.45;32732.69;50419.62;30438.88;69554.87
1759494957.069589;64375.84;67109.80;83615.49;110485.30;88811.83;49784.85;33236.05;51422.98;30684.21;69092.01
1759494957.182574;64708.37;66237.02;82270.82;111664.69;95152.16;49217.39;33269.94;51243.90;30591.94;69369.16
1759494957.295548;65381.18;64875.60;79224.73;102951.47;88675.70;47945.66;32666.26;50361.45;30195.83;69276.59
1759494957.408491;65807.02;62750.70;75394.60;91893.80;79567.09;47246.73;31881.58;49161.14;29568.40;69000.00
1759494957.521544;65381.18;61108.86;67641.80;80725.20;79452.71;47729.11;31213.23;48382.82;28984.72;69092.01
1759494957.6345012;65466.02;60123.96;51363.19;67109.80;80608.20;50303.38;30653.42;48492.96;28442.33;69000.00
1759494957.747544;66671.25;58151.25;41803.11;57867.03;88539.90;56750.00;30045.06;49273.73;27994.45;68361.09
1759494957.86047;69834.85;57584.82;41622.87;58222.62;98441.17;66584.06;29216.60;49443.30;27527.21;68633.80
1759494957.97347;72039.66;56887.91;41044.09;55197.95;99251.67;68000.00;28669.29;49386.68;27472.81;68090.01
1759494958.086594;72831.58;56887.91;40693.11;55264.16;101750.02;70399.98;28329.61;48825.47;27256.43;67641.80
1759494958.1995049;73232.55;56957.05;40475.73;56612.56;105968.73;74044.77;28077.82;48881.20;27122.14;67463.77
1759494958.312521;73942.48;57026.31;40475.73;59162.16;108754.73;77218.05;28022.21;48825.47;26961.96;67463.77
1759494958.4255419;74044.77;57165.19;40088.22;59899.99;108565.24;76674.70;27856.12;48382.82;26961.96;66584.06
1759494958.5389068;75079.75;58943.39;40302.91;63151.22;107253.91;71454.37;27773.48;48218.24;26988.58;66671.25
1759494958.6514492;77767.43;65892.68;43519.99;73031.64;112663.67;70022.46;27609.03;47513.88;26988.58;65892.68
1759494958.764661;79567.09;72433.96;47783.12;84868.34;122606.73;72632.35;27663.73;47300.00;26829.27;65296.51
1759494958.877472;80842.47;77218.05;51542.86;93352.09;129411.77;76566.74;27500.00;47513.88;26723.63;64541.79
1759494958.9905338;82391.65;80142.87;54025.31;96073.41;130179.05;77437.08;27581.73;48108.95;26697.30;63881.80
1759494959.103539;82634.13;82512.75;56681.22;100404.87;133865.02;77878.04;27527.21;48603.45;26592.23;63070.81
1759494959.216444;82512.75;83988.25;59455.69;108376.29;138875.00;79111.13;27554.46;49048.89;26539.87;62750.70
1759494959.329453;81551.72;87598.53;62830.50;113473.66;139741.47;82270.82;27554.46;48548.16;26513.73;62830.50
1759494959.442529;79224.73;87199.99;62196.26;111664.69;137169.63;81670.88;27691.12;47837.21;26357.49;62750.70
1759494959.5555682;78546.86;86281.25;60349.17;105968.73;133060.20;79111.13;27718.54;47567.56;26331.54;62512.19
1759494959.668906;77657.07;85250.00;59751.35;103824.02;129922.42;76566.74;27773.48;48603.45;26409.46;62275.02
1759494959.781437;77767.43;85505.97;60803.32;103824.02;128400.67;72931.51;28077.82;50072.01;26618.46;62353.93
1759494959.894531;77327.45;88948.30;63555.57;101580.27;123776.66;63963.75;28612.36;51243.90;26882.26;64375.84
1759494960.0074701;77327.45;89774.20;65636.19;101410.98;120547.46;58581.40;28754.93;51965.51;27337.35;65892.68
1759494960.120467;76566.74;89774.20;68633.80;102605.81;117458.22;55797.93;29187.50;52331.69;27663.73;66933.87
1759494960.233408;76999.99;89913.05;73535.52;108565.24;116600.02;55330.48;29895.16;53326.09;28161.47;68270.55
1759494960.346611;76351.53;88404.39;80842.47;113677.70;113882.33;53137.62;30715.04;54737.64;28754.93;68542.72
1759494960.459466;73738.56;85250.00;86281.25;112462.68;107439.63;50014.40;31434.16;56818.89;29509.43;69000.00
1759494960.572515;69834.85;81195.88;89222.24;110876.11;100738.45;51065.69;31785.08;55264.16;31119.11;69554.87
1759494960.685507;65466.02;76999.99;86281.25;109326.55;92037.97;51904.83;32732.69;53075.00;32336.55;70589.95
1759494960.7984262;61882.68;73131.99;81790.32;99415.08;76782.89;53075.00;33202.21;52516.14;32699.45;71260.88
1759494960.911461;59089.11;68451.80;77546.95;89085.09;61649.03;54934.25;33440.00;52270.40;33371.85;72236.41
1759494961.024592;58581.40;66410.20;74870.98;80960.00;52639.61;56544.02;33611.11;52577.82;33887.09;74044.77
1759494961.137432;58943.39;66323.52;74456.12;81790.32;53961.21;56203.12;34341.46;52639.61;33991.30;74147.27
1759494961.250582;58294.12;66150.68;75289.42;85377.84;57444.44;55197.95;34376.72;52701.50;33852.44;74249.98
1759494961.3635042;57655.18;65721.52;73636.94;81195.88;53200.34;55264.16;34376.72;52701.50;33576.80;74147.27
1759494961.476442;57304.57;63151.22;70589.95;68542.72;46770.99;56887.91;33714.29;52331.69;33405.90;75500.01
1759494961.5894248;57374.44;60727.28;62830.50;55197.95;43903.44;58581.40;33134.64;51602.94;33337.84;76137.26
1759494961.702535;58653.54;57796.29;49899.43;41354.43;44340.21;58222.62;33000.00;49842.10;33440.00;77767.43
1759494961.81541;59751.35;56339.13;41488.37;39875.00;44832.34;57165.19;32666.26;47891.40;32966.45;76999.99
1759494961.928422;59529.41;56000.00;40088.22;39705.48;45941.18;57095.69;32435.05;47087.42;32866.02;76459.02
1759494962.041701;59825.61;55730.80;39494.88;39077.97;46509.50;57304.57;32402.18;46250.00;32666.26;76244.27
1759494962.154452;58725.80;55596.90;39663.24;39077.97;45838.86;56750.00;32173.18;46095.24;32467.96;75605.64
1759494962.267356;57584.82;54025.31;40302.91;39663.24;45432.63;57165.19;32140.63;46250.00;32467.96;75079.75
1759494962.380651;55463.46;56203.12;44389.10;43093.93;44389.10;57234.82;32140.63;46928.84;32402.18;74975.25
1759494962.4934678;54089.52;59308.66;60575.63;61493.98;46457.45;56407.31;32435.05;48769.84;32765.96;74559.50
1759494962.606617;56681.22;63555.57;70305.32;87332.51;58151.25;55197.95;33714.29;50653.23;33202.21;73840.41
1759494962.719439;59235.34;70399.98;85377.84;111664.69;93648.25;53263.16;35382.17;52087.16;33921.79;74044.77
1759494962.8323798;66323.52;77878.04;99743.22;138875.00;123541.16;53200.34;35898.46;53326.09;34235.96;74147.27
1759494962.945421;74456.12;86281.25;106884.09;158903.56;143302.72;54477.07;36882.36;54153.84;34553.67;73840.41
1759494963.058414;78099.98;92764.32;109710.54;174274.45;155692.28;59603.25;37622.77;54347.45;34518.20;72931.51
1759494963.171363;77108.91;95152.16;112062.49;182285.73;161857.17;66933.87;37940.12;53961.21;34376.72;72731.86
1759494963.284457;74352.93;97324.51;115963.27;187025.50;166867.92;75817.59;37308.76;54025.31;34200.88;72137.93
1759494963.3973792;72433.96;96695.66;117674.44;189976.42;167264.70;81670.88;36805.48;52639.61;33852.44;71260.88
1759494963.5103989;71357.52;95457.64;117674.44;190476.36;167264.70;81670.88;36348.45;52516.14;33852.44;70780.65
1759494963.623383;70116.55;90612.51;117027.80;189478.83;164521.75;80027.19;36122.58;52087.16;33474.14;70972.15
1759494963.736643;70022.46;94848.27;113473.66;185103.44;158179.95;74766.93;35787.04;51602.94;33303.87;71260.88
1759494963.849327;69741.34;92618.31;112865.26;180449.45;151250.02;65807.02;35309.15;51006.48;33236.05;71260.88
1759494963.96248;71454.37;89774.20;109326.55;172999.95;144833.30;57095.69;34624.76;50477.88;33303.87;71648.66
1759494964.075396;70685.20;86021.59;103824.02;166472.80;137451.34;50245.39;33991.30;50014.40;33337.84;72039.66
1759494964.1884348;68816.53;81551.72;96073.41;152932.03;124250.04;47675.17;33542.54;50072.01;33542.54;72731.86
1759494964.3014379;68000.00;74870.98;86021.59;131214.27;111863.29;48054.44;33168.40;50653.23;33852.44;73636.94
1759494964.4144042;63636.89;69648.01;77657.07;105245.75;95764.72;49443.30;32765.96;50361.45;33921.79;73942.48
1759494964.527416;60198.89;64458.73;70305.32;82391.65;77327.45;51184.40;32336.55;50245.39;33679.85;74663.10
1759494964.640509;57234.82;60500.01;61339.51;67198.03;57725.67;52825.59;32043.19;49499.99;33679.85;74766.93
1759494964.753383;55596.90;58294.12;57026.31;59382.11;52825.59;53012.50;32140.63;49556.79;33645.46;74975.25
1759494964.8664162;55131.86;58581.40;57095.69;60198.89;52887.79;52331.69;32010.79;49556.79;33611.11;74352.93
1759494964.9793768;55396.91;58943.39;58943.39;67463.77;57304.57;50888.35;32043.19;49443.30;33371.85;74147.27
1759494965.0923488;56135.30;59455.69;60273.96;73232.55;61804.65;50072.01;31881.58;49330.16;33033.60;73535.52
1759494965.205339;57095.69;60123.96;61493.98;75817.59;66237.02;49330.16;31785.08;49048.89;32899.45;73031.64
1759494965.318329;58008.89;60651.39;61262.48;78771.83;71648.66;48714.29;31720.93;48992.91;32566.93;72433.96
1759494965.431413;59016.19;61032.26;61726.77;78434.77;75605.64;48382.82;31688.92;48603.45;32238.41;72039.66
1759494965.5444732;60273.96;61416.67;62196.26;78211.34;77767.43;47945.66;31561.23;48382.82;32043.19;71746.10
1759494965.657386;60123.96;61339.51;61960.86;76459.02;77988.89;47729.11;31529.41;48273.02;31913.82;71260.88
1759494965.770386;60500.01;61185.60;60955.81;72039.66;75817.59;47567.56;31561.23;48108.95;31849.38;71454.37
1759494965.883337;60123.96;60955.81;60273.96;70494.88;73738.56;47406.77;31402.49;48000.01;31688.92;71357.52
1759494965.996439;59974.52;61108.86;59899.99;69000.00;72931.51;47460.29;31434.16;47783.12;31720.93;71164.44
1759494966.109374;59677.24;61108.86;59825.61;72039.66;74249.98;47193.55;31497.63;47460.29;31625.00;71260.88
1759494966.2224698;61032.26;62512.19;66323.52;90612.51;86673.09;47140.44;31656.94;47675.17;31656.94;71357.52
1759494966.335331;66150.68;67820.55;74456.12;111466.66;104887.32;47353.34;32271.08;48992.91;31561.23;71068.20
1759494966.44831;72831.58;77108.91;87732.02;133595.81;125205.91;49842.10;32866.02;50419.62;31752.98;70022.46
1759494966.561343;76891.33;85505.97;102262.08;157462.11;140617.33;61416.67;32899.45;51006.48;31497.63;69554.87
1759494966.6744199;77878.04;92037.97;109326.55;174274.45;153614.03;79567.09;32932.92;50361.45;31497.63;69000.00
1759494966.7872791;75605.64;99088.70;118765.63;186060.03;162989.77;92618.31;33100.92;49899.43;31561.23;68542.72
1759494966.900502;72335.08;102778.40;124965.77;193526.25;167663.16;100571.45;33508.32;49386.68;31625.00;68542.72
1759494967.0133371;70399.98;103299.03;123541.16;196135.66;166472.80;103299.03;33576.80;49217.39;31656.94;68270.55
1759494967.1264179;67910.19;104000.00;122143.98;195084.41;168868.64;102778.40;33474.14;49217.39;31087.80;67910.19
1759494967.239359;68270.55;102605.81;122143.98;191990.44;166079.34;99088.70;33236.05;49443.30;30900.76;68270.55
1759494967.352475;67021.75;101580.27;117242.68;187511.59;158903.56;93204.59;32932.92;48769.84;30962.96;68361.09
1759494967.465298;67375.01;100238.78;117458.22;182750.00;154301.36;83491.82;32732.69;48714.29;31056.54;68725.08
1759494967.578351;66584.06;99578.93;118327.12;179093.78;148625.03;73942.48;32533.90;48548.16;31276.17;68908.17
1759494967.6913438;66410.20;100073.15;118765.63;178200.05;146707.91;68180.19;32633.11;49217.39;31497.63;69000.00
1759494967.804388;65978.51;99251.67;118985.91;177314.20;142999.97;65043.48;32566.93;49443.30;31720.93;69461.92
1759494967.91737;66150.68;99088.70;119206.90;174274.45;142397.78;62750.70;32467.96;49613.66;31752.98;69092.01
1759494968.030355;65892.68;98602.40;118765.63;173422.94;140324.31;60349.17;32205.77;49956.87;31849.38;69648.01
1759494968.143314;65636.19;96852.24;117242.68;172578.80;135225.17;55596.90;31946.11;50947.37;31817.21;69648.01
1759494968.2563388;65978.51;95457.64;116387.12;158541.03;127402.99;48825.47;31881.58;51542.86;32140.63;69834.85
1759494968.3692732;65636.19;92327.40;113473.66;149927.50;121227.34;48825.47;31946.11;50653.23;32666.26;70685.20
1759494968.4823081;66323.52;89359.72;108376.29;140617.33;112865.26;51542.86;31849.38;49842.10;32799.27;71068.20
1759494968.595403;67552.69;84868.34;108187.89;133327.56;105066.28;53326.09;32043.19;49443.30;33168.40;72039.66
1759494968.708519;67198.03;83368.40;105606.22;130694.91;100571.45;53833.33;32173.18;49104.97;33371.85;72236.41
1759494968.821312;66497.04;81432.84;102951.47;127900.17;98120.00;54477.07;32271.08;48881.20;33303.87;72236.41
1759494968.934276;66933.87;78997.77;100738.45;124965.77;95152.16;54803.06;32238.41;48769.84;33100.92;72039.66
1759494969.0472472;67375.01;75817.59;96852.24;118985.91;89085.09;54672.33;31978.43;48658.82;32866.02;72433.96
1759494969.160442;66933.87;73535.52;92182.51;110485.30;81910.02;54868.61;31720.93;48714.29;32666.26;72632.35
1759494969.273212;65296.51;70972.15;87865.84;102433.71;74663.10;55065.88;31688.92;48603.45;32566.93;72236.41
1759494969.386273;63718.37;69369.16;85505.97;97009.25;68542.72;55330.48;31497.63;48603.45;32369.35;72433.96
1759494969.499279;62591.54;67910.19;81910.02;91178.39;63070.81;55000.01;31497.63;48825.47;32467.96;72632.35
1759494969.612396;61185.60;66584.06;78434.77;88404.39;60424.53;55000.01;31625.00;48992.91;32402.18;73232.55
1759494969.725371;59751.35;64375.84;76137.26;86281.25;57937.89;54803.06;31849.38;49161.14;32566.93;73131.99
1759494969.838305;59455.69;64045.86;75184.48;86542.16;57374.44;55000.01;31946.11;49048.89;32866.02;73840.41
1759494969.951294;58798.21;63393.36;74456.12;82755.80;54672.33;54607.13;31946.11;48992.91;32832.62;74147.27
1759494970.064302;57655.18;62432.99;73535.52;77437.08;51125.00;55330.48;31785.08;48658.82;32699.45;74352.93
1759494970.177334;56475.61;61882.68;69276.59;69834.85;48492.96;54607.13;31688.92;48382.82;32566.93;73738.56
1759494970.290263;54282.80;59529.41;60424.53;55932.53;49556.79;53263.16;31817.21;48273.02;32075.63;72731.86
1759494970.403414;53515.50;58581.40;54347.45;42350.00;52639.61;52148.14;32205.77;48603.45;32010.79;72831.58
1759494970.516371;53452.26;57867.03;47140.44;38666.67;55396.91;49613.66;32238.41;48992.91;31402.49;71843.75
1759494970.629288;54153.84;56750.00;35972.97;38140.18;58080.00;47513.88;32205.77;49217.39;30931.84;71941.61
1759494970.742357;55065.88;56407.31;36047.68;37230.77;58008.89;46353.57;32075.63;48992.91;30438.88;71551.41
1759494970.855325;56067.59;56067.59;37701.79;37980.02;56475.61;46353.57;31946.11;48658.82;29985.00;71068.20
1759494970.968301;56544.02;55730.80;38585.07;38871.62;55065.88;46301.75;31849.38;47621.32;29568.40;70685.20
1759494971.081322;56818.89;55530.12;39960.11;39790.12;54218.27;46876.14;31913.82;47087.42;29509.43;70780.65
1759494971.1943119;57234.82;55131.86;39917.52;39960.11;53769.55;47034.48;31785.08;47140.44;29538.90;70305.32
1759494971.3073049;57374.44;54934.25;39663.24;40173.92;53389.12;46928.84;31817.21;47246.73;29274.90;70876.30
1759494971.4204988;56957.05;54868.61;39875.00;40216.86;52887.79;46823.53;31817.21;47246.73;29187.50;70780.65
1759494971.533238;56818.89;55197.95;39960.11;40259.85;52393.07;47300.00;31817.21;47246.73;29187.50;70685.20
1759494971.6464362;56544.02;54412.21;39285.71;39705.48;51904.83;46981.62;31720.93;47837.21;28984.72;70589.95
1759494971.759207;56339.13;54282.80;38666.67;39285.71;51482.87;46509.50;31529.41;49048.89;28898.31;70210.84
1759494971.872284;56407.31;54672.33;38301.20;39663.24;51303.50;46043.81;31339.25;50129.71;28898.31;70022.46
1759494971.9853199;56887.91;55264.16;38382.03;42212.41;54282.80;47460.29;31213.23;49842.10;29013.59;69741.34
1759494972.098314;60049.17;56203.12;40955.98;46928.84;70399.98;51482.87;31119.11;49556.79;28927.08;69741.34
1759494972.211315;62750.70;58581.40;43424.83;60879.49;91893.80;58080.00;30900.76;49161.14;28783.54;70022.46
1759494972.324321;65212.00;61804.65;46770.99;76891.33;108000.02;63963.75;30653.42;48714.29;28697.81;69648.01
1759494972.437258;67375.01;65043.48;49842.10;87598.53;116387.12;69648.01;30408.38;48658.82;28555.55;69554.87
1759494972.550369;68451.80;67109.80;52087.16;95918.86;118765.63;72533.05;30500.00;48327.87;28301.51;69648.01
1759494972.6632938;69648.01;68633.80;53642.32;97324.51;120322.27;73333.33;30256.38;48163.55;28301.51;69554.87
1759494972.7763221;69184.21;68451.80;53200.34;95457.64;118765.63;72137.93;30347.47;48218.24;28161.47;69648.01
1759494972.889455;68816.53;67375.01;51602.94;90331.68;113882.33;69648.01;30286.71;48108.95;28105.68;69554.87
1759494973.002678;67198.03;66150.68;50129.71;86151.26;108754.73;65721.52;30226.09;48000.01;28077.82;69834.85
1759494973.115493;65721.52;64210.54;47300.00;75923.92;97960.05;61032.26;30195.83;47406.77;28133.56;69648.01
1759494973.228718;63718.37;61804.65;42859.61;56407.31;80027.19;54803.06;30347.47;47567.56;28077.82;69928.56
1759494973.341402;62117.64;58943.39;40173.92;43759.13;63636.89;50187.50;30347.47;48273.02;28245.40;69648.01
1759494973.4544299;60879.49;57584.82;38995.26;41354.43;56544.02;48273.02;30530.61;48658.82;28105.68;70116.55
1759494973.567391;60123.96;56887.91;38830.52;41221.05;53769.55;47621.32;30500.00;48769.84;28022.21;70116.55
1759494973.680414;59825.61;56339.13;38625.85;41803.11;53012.50;47087.42;30256.38;48881.20;27939.02;70210.84
1759494973.793427;59603.25;56612.56;38220.59;42075.39;52763.49;46405.47;30105.26;48548.16;27939.02;69834.85
1759494973.906452;58870.73;56612.56;37820.71;41938.97;52454.55;45483.14;30317.07;48437.84;28077.82;69834.85
1759494974.0194361;58870.73;56475.61;37741.38;41938.97;52639.61;44832.34;30377.91;47621.32;28077.82;70494.88
1759494974.132628;58725.80;56407.31;37465.35;41132.45;52148.14;43663.26;30165.61;48492.96;28050.00;70210.84
1759494974.245409;58870.73;56135.30;37036.70;40389.20;51482.87;42673.37;30195.83;49161.14;28022.21;69834.85
1759494974.3584142;59162.16;56067.59;37036.70;40173.92;50947.37;42075.39;30195.83;49613.66;27966.72;69928.56
1759494974.471602;58509.39;55730.80;36197.67;39705.48;50711.87;41938.97;30286.71;48825.47;28105.68;69276.59
1759494974.584428;58437.50;55596.90;36235.29;39705.48;50245.39;41577.98;30684.21;48218.24;28077.82;69461.92
1759494974.697379;58798.21;55797.93;37075.41;40259.85;50477.88;42396.00;31150.44;47783.12;28161.47;69461.92
1759494974.810741;59089.11;56135.30;37900.27;40519.09;50711.87;43093.93;31497.63;47783.12;28273.44;69369.16
1759494974.923376;58725.80;55932.53;38180.36;40346.03;50947.37;42906.34;31881.58;47729.11;28329.61;69648.01
1759494975.0365329;58653.54;56475.61;38341.59;40780.49;50947.37;43188.13;32369.35;47675.17;28442.33;69648.01
1759494975.1493702;59235.34;56612.56;40736.77;42212.41;51065.69;43711.17;32732.69;47193.55;28357.74;69741.34
1759494975.262422;60049.17;57444.44;44683.94;47300.00;52209.22;44585.37;32600.00;46718.54;28442.33;69554.87
1759494975.375401;60803.32;59089.11;52209.22;59974.52;59677.24;45181.20;33067.24;45838.86;28697.81;69461.92
1759494975.48843;61882.68;61108.86;59899.99;72335.08;72039.66;45787.82;32666.26;45838.86;28984.72;69741.34
1759494975.601401;63881.80;64791.91;69184.21;84868.34;84995.26;46405.47;33000.00;45736.85;29187.50;69554.87
1759494975.714371;64959.46;67286.43;75289.42;95764.72;92764.32;46718.54;33542.54;46509.50;29158.43;69648.01
1759494975.827446;67021.75;69554.87;82030.02;107439.63;100073.15;46928.84;33611.11;46928.84;29480.00;69461.92
1759494975.940459;69461.92;73131.99;86673.09;117891.31;107812.70;47034.48;33645.46;47193.55;29480.00;69276.59
1759494976.053387;73031.64;80027.19;92910.70;137734.06;117891.31;48382.82;34060.99;47621.32;29568.40;69369.16
1759494976.166569;75711.50;87332.51;97166.66;152593.02;128150.01;52454.55;34306.25;48000.01;29480.00;69000.00
1759494976.2793448;76891.33;91036.39;101920.23;166079.34;140324.31;57374.44;34130.84;48054.44;29421.23;68542.72
1759494976.3924239;77988.89;95304.70;106699.98;174703.00;148948.80;62990.56;33921.79;47729.11;29245.73;68542.72
1759494976.505385;76782.89;98441.17;108376.29;181363.45;159633.13;69554.87;33645.46;48273.02;28984.72;68270.55
1759494976.61834;74870.98;98602.40;108000.02;182285.73;166079.34;73840.41;33337.84;47945.66;28697.81;68000.00
1759494976.73141;73738.56;98764.06;108376.29;183684.92;165297.30;73942.48;33134.64;47567.56;28640.81;70116.55
1759494976.844358;72137.93;97166.66;105425.73;176436.17;156749.97;68633.80;32699.45;47140.44;28640.81;68361.09
1759494976.9574149;71454.37;95457.64;104000.00;166867.92;147661.05;62117.64;32369.35;46666.16;28783.54;68090.01
1759494977.070387;70305.32;93648.25;102090.92;161857.17;139162.80;57304.57;32566.93;47353.34;29245.73;68270.55
1759494977.1833532;69834.85;92764.32;103125.01;157105.33;136330.42;53200.34;32566.93;48492.96;29805.64;68633.80
1759494977.296341;69928.56;92327.40;104887.32;152255.31;134406.28;50594.69;32799.27;49499.99;30165.61;68633.80
1759494977.4093351;69369.16;92182.51;103824.02;153957.02;131214.27;48603.45;32832.62;49556.79;30347.47;69184.21
1759494977.522418;68908.17;91036.39;103648.54;148302.48;129922.42;46666.16;32566.93;49273.73;30438.88;69184.21
1759494977.6352599;69369.16;91178.39;103299.03;144833.30;122374.98;45081.16;32271.08;48548.16;30469.43;69092.01
1759494977.748346;69369.16;89497.54;101920.23;136330.42;115752.32;46146.75;32205.77;47729.11;30684.21;69741.34
1759494977.8613188;69369.16;85763.16;98441.17;124487.84;107812.70;48108.95;32043.19;47246.73;30962.96;70116.55
1759494977.9744399;69000.00;78211.34;94245.18;115332.28;98602.40;49386.68;32108.11;47246.73;30994.12;70780.65
1759494978.087334;68633.80;74766.93;90612.51;109518.27;92472.67;49443.30;31978.43;46981.62;31087.80;70685.20
1759494978.200299;67820.55;74352.93;88948.30;108565.24;91606.55;48273.02;31946.11;47193.55;31056.54;70876.30
1759494978.313304;67820.55;73535.52;87999.98;109710.54;92472.67;47353.34;32010.79;47621.32;31025.31;70589.95
1759494978.42642;67463.77;73232.55;87067.79;114914.87;95764.72;47140.44;32205.77;48437.84;31181.82;70876.30
1759494978.539376;64375.84;71164.44;84363.65;113473.66;92037.97;48108.95;32271.08;48992.91;31593.10;71164.44
1759494978.652684;62432.99;68451.80;81910.02;105245.75;87067.79;48548.16;32205.77;49104.97;31656.94;71260.88
1759494978.765315;61960.86;67820.55;81432.84;102951.47;85250.00;48658.82;32075.63;48992.91;31561.23;71357.52
1759494978.878446;61339.51;67375.01;81551.72;101920.23;86021.59;47837.21;32238.41;48992.91;31497.63;71068.20
1759494978.9913;60424.53;67463.77;81432.84;103473.54;86804.34;46981.62;32140.63;49330.16;31181.82;70780.65
1759494979.104398;60727.28;66846.14;82030.02;106699.98;90052.25;46457.45;32173.18;49556.79;31087.80;70589.95
1759494979.2173;60424.53;67375.01;81670.88;109135.38;92618.31;45533.73;32303.80;49330.16;31150.44;70589.95
1759494979.330334;59308.66;67641.80;82391.65;110485.30;94095.34;45331.84;32500.91;49499.99;31119.11;70589.95
1759494979.443316;59751.35;67286.43;82755.80;113270.25;94395.37;45331.84;32666.26;49899.43;31119.11;70685.20
1759494979.5563772;59308.66;67375.01;82999.98;113882.33;95610.98;45281.55;32666.26;50072.01;31150.44;70685.20
1759494979.669356;59308.66;67641.80;82755.80;112462.68;94545.95;44931.65;32666.26;50129.71;31181.82;70305.32
1759494979.782275;58943.39;67731.09;82270.82;110290.76;93204.59;44733.33;32666.26;49899.43;31150.44;70399.98
1759494979.8953779;58870.73;67375.01;82634.13;103824.02;91320.75;44881.96;32435.05;49956.87;31056.54;70116.55
1759494980.0082781;59235.34;66584.06;81077.80;98280.37;86673.09;45992.46;32303.80;49956.87;30900.76;70399.98
1759494980.121239;59089.11;66150.68;79111.13;88134.46;75500.01;47406.77;32010.79;49443.30;30900.76;70116.55
1759494980.234329;59016.19;64959.46;77108.91;80142.87;64293.11;49386.68;31946.11;48825.47;30900.76;70305.32
1759494980.347265;59016.19;63963.75;76030.47;76030.47;56818.89;50947.37;31946.11;48273.02;30900.76;70780.65
1759494980.4603221;58725.80;64210.54;75500.01;71746.10;50361.45;52763.49;32010.79;48054.44;30900.76;70399.98
1759494980.573356;59382.11;62591.54;73738.56;68633.80;47087.42;54607.13;32075.63;47891.40;30962.96;70589.95
1759494980.68641;59162.16;62830.50;72831.58;66237.02;46250.00;55396.91;32271.08;47300.00;31056.54;70399.98
1759494980.799236;59235.34;62990.56;72831.58;65551.02;46198.34;54803.06;32043.19;47300.00;30994.12;70780.65
1759494980.912266;58653.54;62591.54;71454.37;63555.57;45992.46;54218.27;32010.79;47087.42;30869.72;69741.34
1759494981.025287;57725.67;61960.86;70210.84;61185.60;46405.47;54153.84;32043.19;46823.53;30869.72;70399.98
1759494981.138587;57095.69;61032.26;67820.55;57444.44;46823.53;53012.50;32075.63;47087.42;30807.74;70494.88
1759494981.251224;56818.89;60575.63;65807.02;55197.95;47460.29;52825.59;32075.63;46928.84;30622.66;72533.05
1759494981.364336;56681.22;60349.17;65127.66;53897.22;48163.55;51542.86;32043.19;46823.53;30622.66;70116.55
1759494981.477281;56475.61;60123.96;63312.49;52148.14;48769.84;50947.37;32043.19;46823.53;30469.43;70022.46
1759494981.590281;56000.00;60049.17;61960.86;53200.34;48108.95;50477.88;32140.63;46981.62;30256.38;70685.20
1759494981.70327;56681.22;60575.63;64625.00;64293.11;51303.50;50014.40;32010.79;47513.88;30561.26;70589.95
1759494981.816824;55596.90;59308.66;61882.68;58437.50;47034.48;51125.00;31881.58;47193.55;30653.42;70685.20
1759494981.9293299;54347.45;58653.54;59455.69;53326.09;47837.21;50129.71;31817.21;47246.73;30438.88;70116.55
1759494982.0422661;53897.22;57165.19;55065.88;45584.39;48937.01;49217.39;31946.11;46718.54;30165.61;70589.95
1759494982.155277;54868.61;56271.07;43663.26;38707.55;50653.23;47567.56;31913.82;46613.86;29775.86;70399.98
1759494982.268238;55663.80;55396.91;35824.14;36998.04;52701.50;46770.99;31752.98;46770.99;29333.33;69834.85
1759494982.381202;56957.05;55065.88;37820.71;37230.77;53326.09;48769.84;31593.10;46509.50;29013.59;70116.55
1759494982.4943;57374.44;54607.13;40346.03;39036.59;53075.00;51783.78;31529.41;45736.85;28840.86;70305.32
1759494982.607234;58008.89;54607.13;41221.05;40868.11;52577.82;55330.48;31434.16;45281.55;28555.55;70685.20
1759494982.720298;58437.50;54089.52;40562.50;41132.45;51723.40;54477.07;31625.00;44931.65;28527.20;70116.55
1759494982.833289;57165.19;54025.31;39244.05;39917.52;51422.98;49899.43;31402.49;44733.33;28583.94;70022.46
1759494982.946336;56407.31;53897.22;38666.67;39705.48;50829.43;48054.44;31370.85;44782.80;28442.33;69928.56
1759494983.0591948;56067.59;53897.22;38871.62;40780.49;50361.45;49161.14;31497.63;44634.62;28442.33;69834.85
1759494983.172529;56475.61;54025.31;40173.92;42350.00;51303.50;52825.59;31434.16;44634.62;28357.74;69741.34
1759494983.2852721;57165.19;54153.84;40562.50;43141.00;52825.59;56271.07;31244.68;44931.65;28245.40;69554.87
1759494983.398256;56544.02;53897.22;39411.04;42580.65;51723.40;53642.32;31087.80;45031.25;27966.72;69834.85
1759494983.511255;56000.00;53833.33;37820.71;40216.86;50829.43;45635.12;31025.31;45432.63;28077.82;69369.16
1759494983.624224;56000.00;53961.21;36122.58;37860.46;54803.06;40780.49;31370.85;45483.14;28161.47;69834.85
1759494983.737228;56203.12;54025.31;35824.14;36424.12;57867.03;42859.61;32566.93;45787.82;28385.91;69741.34
1759494983.850239;56271.07;54218.27;36348.45;35565.50;57796.29;48437.84;35055.09;45231.34;28840.86;69741.34
1759494983.9632661;55730.80;54868.61;36767.12;35455.36;55865.17;50014.40;35935.69;44193.98;29100.40;70685.20
1759494984.076233;55396.91;54868.61;36767.12;35272.72;55330.48;49048.89;35602.30;44193.98;29100.40;70210.84
1759494984.1894;55264.16;55065.88;36386.26;34910.93;55065.88;48937.01;35492.03;44438.05;29158.43;70210.84
1759494984.3021839;55463.46;54868.61;36576.07;35272.72;54803.06;48825.47;35492.03;43855.27;29158.43;70210.84
1759494984.415213;55463.46;55197.95;38019.98;37741.38;53263.16;50829.43;35492.03;43046.93;29304.10;70022.46
1759494984.5282419;55463.46;56544.02;45685.96;45685.96;49443.30;54282.80;35163.70;43807.16;29362.60;69834.85
1759494984.641184;55000.01;58870.73;66497.04;67731.09;49386.68;55000.01;33645.46;46198.34;29925.07;70305.32
1759494984.754219;56203.12;59162.16;70210.84;89774.20;58798.21;54607.13;33991.30;48992.91;30438.88;70494.88
1759494984.86722;57796.29;62512.19;76351.53;104887.32;75289.42;53200.34;34589.20;50829.43;30869.72;70589.95
1759494984.980404;58008.89;63151.22;79452.71;110096.78;84741.72;52026.29;34696.04;51363.19;31025.31;70210.84
1759494985.093309;58008.89;62591.54;78099.98;108000.02;83739.45;51184.40;34696.04;51065.69;31025.31;70399.98
1759494985.206666;57304.57;61804.65;76351.53;100905.89;78211.34;50477.88;34518.20;50888.35;30807.74;70022.46
1759494985.319218;56407.31;60803.32;74559.50;92472.67;71068.20;50072.01;34341.46;51422.98;30591.94;69928.56
1759494985.432548;55463.46;59825.61;70876.30;81551.72;59899.99;49727.70;33956.53;51125.00;30317.07;69834.85
1759494985.5452218;53326.09;57655.18;63151.22;69092.01;47783.12;49842.10;33440.00;49330.16;30105.26;69834.85
1759494985.658255;53075.00;55663.80;50829.43;43663.26;48273.02;49161.14;33202.21;47513.88;29805.64;69741.34
1759494985.771221;52887.79;54672.33;38140.18;35861.27;55000.01;47034.48;33067.24;46928.84;29480.00;69834.85
1759494985.8842309;53012.50;53705.88;35272.72;34982.92;57725.67;44048.39;32799.27;46928.84;29100.40;70022.46
1759494985.997152;53137.62;53515.50;35200.00;35055.09;56887.91;42534.39;33236.05;46928.84;28927.08;69834.85
1759494986.110286;53012.50;52825.59;35018.98;36462.04;54607.13;43472.38;33440.00;46876.14;28840.86;69741.34
1759494986.223134;53075.00;53012.50;35455.36;37741.38;52516.14;46457.45;33269.94;46250.00;28783.54;69369.16
1759494986.33625;53200.34;52825.59;35713.01;39411.04;51602.94;47945.66;33000.00;46301.75;28669.29;69741.34
1759494986.4493928;53012.50;52763.49;34982.92;38748.48;51542.86;45231.34;32832.62;47246.73;28527.20;69928.56
1759494986.562241;53200.34;52701.50;34839.12;37269.74;53012.50;41712.86;32932.92;46876.14;28442.33;70116.55
1759494986.675134;52577.82;53012.50;37980.02;37269.74;56407.31;43329.95;32732.69;47246.73;28527.20;69741.34
1759494986.788306;52887.79;54089.52;59308.66;56887.91;51783.78;50711.87;33508.32;47621.32;28697.81;69461.92
1759494986.9012449;64210.54;71164.44;85763.16;114499.98;85250.00;51723.40;34518.20;49217.39;29274.90;69461.92
1759494987.014164;76137.26;93648.25;99415.08;170912.17;145765.33;50187.50;35382.17;51965.51;30226.09;68908.17
1759494987.127199;75079.75;109710.54;106699.98;199351.39;176436.17;64541.79;34482.76;52825.59;30045.06;68270.55
1759494987.24013;69741.34;111072.38;118108.88;216965.63;189976.42;79338.59;33100.92;51783.78;29775.86;67552.69
1759494987.353181;67198.03;116813.59;120547.46;224821.95;193526.25;83122.50;32899.45;52950.09;29362.60;67109.80
1759494987.466122;66497.04;115752.32;120097.79;224821.95;185580.64;80842.47;32633.11;53012.50;29686.75;67641.80
1759494987.5792398;65127.66;111863.29;122143.98;223476.88;183684.92;78322.92;32303.80;51844.26;29304.10;68725.08
1759494987.692348;64293.11;108187.89;119874.02;215704.39;175133.55;73434.31;31849.38;52148.14;28927.08;69000.00
1759494987.805096;67463.77;97800.52;112062.49;200995.08;161857.17;66323.52;31656.94;50072.01;29158.43;69554.87
1759494987.9182148;70210.84;82391.65;97009.25;183684.92;138875.00;62910.45;31529.41;48218.24;30135.42;70399.98
1759494988.031111;66410.20;74766.93;80842.47;112663.67;105787.22;52639.61;31370.85;47945.66;29895.16;69741.34
1759494988.144471;56000.00;59235.34;40562.50;41000.00;56203.12;48327.87;30994.12;47140.44;29158.43;70399.98
1759494988.257117;56407.31;56475.61;41577.98;40088.22;55264.16;47300.00;31150.44;46666.16;28669.29;69741.34
1759494988.370185;57514.57;56067.59;42626.97;42626.97;53769.55;54218.27;31119.11;45838.86;28105.68;69554.87
1759494988.483198;56612.56;55663.80;41265.45;42350.00;54477.07;53961.21;30408.38;46509.50;27966.72;69648.01
1759494988.59618;55663.80;56818.89;38180.36;40173.92;52639.61;44291.39;30226.09;49104.97;27939.02;69276.59
1759494988.709165;56067.59;59089.11;52331.69;53075.00;53263.16;48108.95;31276.17;49556.79;28273.44;69369.16
1759494988.822072;58294.12;62910.45;75605.64;90331.68;58008.89;52331.69;32600.00;47300.00;30195.83;70399.98
1759494988.9352179;60049.17;65296.51;74870.98;112865.26;71843.75;53897.22;33236.05;48548.16;31213.23;69928.56
1759494989.048226;61649.03;65043.48;72931.51;117458.22;73840.41;54737.64;33542.54;49104.97;31561.23;70210.84
1759494989.161141;60879.49;65043.48;71357.52;120097.79;74559.50;55197.95;33576.80;49386.68;31656.94;70022.46
1759494989.274204;60879.49;65212.00;72236.41;124487.84;78884.67;54868.61;33576.80;49499.99;31752.98;70116.55
1759494989.387132;62591.54;65978.51;75605.64;129411.77;92182.51;53642.32;33576.80;50129.71;31752.98;69741.34
1759494989.5002182;66497.04;68633.80;79911.77;137734.06;112462.68;54089.52;33783.28;50829.43;31529.41;70210.84
1759494989.6131961;68451.80;69276.59;80842.47;143606.59;122839.20;52577.82;33748.76;50947.37;31181.82;69648.01
1759494989.726122;68270.55;70210.84;79567.09;141206.52;123072.44;50419.62;33440.00;50711.87;31056.54;69648.01
1759494989.839128;68633.80;70022.46;80842.47;133327.56;117027.80;48881.20;33236.05;50303.38;30776.80;69741.34
1759494989.952116;68000.00;70116.55;78884.67;129411.77;115752.32;48163.55;33168.40;49727.70;30591.94;69461.92
1759494990.065116;68361.09;71164.44;77767.43;131214.27;120999.98;49161.14;33236.05;49386.68;30015.01;69276.59
1759494990.178192;68816.53;71746.10;77767.43;133865.02;124487.84;50947.37;32899.45;48881.20;30256.38;69184.21
1759494990.291189;67731.09;72533.05;79796.62;140032.38;129411.77;52639.61;32699.45;48492.96;30075.14;69369.16
1759494990.4041312;69554.87;75605.64;84113.09;150256.23;133327.56;56818.89;32866.02;48548.16;30075.14;69092.01
1759494990.5171251;71746.10;80027.19;89913.05;158903.56;139741.47;63555.57;32832.62;48382.82;29925.07;69000.00
1759494990.630103;72039.66;83245.31;96073.41;162233.16;139162.80;63231.78;32500.91;48273.02;29716.42;68725.08
1759494990.743101;71648.66;84868.34;96383.71;157462.11;133327.56;57444.44;32467.96;48548.16;29686.75;68633.80
1759494990.856252;71941.61;85377.84;97641.43;153957.02;130179.05;52950.09;32402.18;49104.97;29716.42;68542.72
1759494990.96909;72137.93;86021.59;98280.37;152593.02;126663.39;49104.97;33067.24;49727.70;29686.75;68633.80
1759494991.0822752;72433.96;86673.09;99415.08;149600.02;125205.91;47087.42;32932.92;49727.70;30015.01;68725.08
1759494991.195132;71941.61;84995.26;98926.16;144217.69;121227.34;46095.24;33033.60;50014.40;30015.01;69000.00
1759494991.308146;70399.98;82877.75;97960.05;140617.33;117027.80;46043.81;32866.02;49499.99;30015.01;69092.01
1759494991.4210792;69741.34;82030.02;96695.66;134951.25;114293.47;46146.75;32633.11;49104.97;30045.06;69092.01
1759494991.534181;68633.80;80027.19;93057.45;128652.17;109518.27;46666.16;32566.93;48492.96;30015.01;69000.00
1759494991.6470442;68816.53;76566.74;89635.70;116600.02;101920.23;47837.21;32369.35;48000.01;29955.02;68361.09
1759494991.7600288;68090.01;72236.41;83122.50;101242.16;86804.34;49104.97;32467.96;47140.44;29955.02;69184.21
1759494991.8731048;66584.06;67198.03;73636.94;81910.02;69184.21;50014.40;32899.45;48108.95;29955.02;69369.16
1759494991.986269;63800.01;61726.77;60500.01;56750.00;53137.62;49956.87;33645.46;48714.29;29805.64;69461.92
1759494992.099047;61185.60;57937.89;48000.01;39663.24;53833.33;49899.43;33440.00;49386.68;29627.51;69741.34
1759494992.212128;59899.99;57304.57;43000.00;36310.68;54672.33;49499.99;32966.45;49161.14;29568.40;70116.55
1759494992.3250718;59016.19;56407.31;40868.11;35713.01;55065.88;49443.30;32866.02;49273.73;29450.60;70305.32
1759494992.43819;58653.54;56339.13;40780.49;35418.74;54542.05;49273.73;32666.26;48825.47;29509.43;70022.46
1759494992.551063;58222.62;56612.56;40693.11;35382.17;53961.21;48548.16;32500.91;48000.01;29450.60;69834.85
1759494992.664154;57937.89;56339.13;40649.52;35602.30;54218.27;48163.55;32238.41;47034.48;29391.90;70116.55
1759494992.7771149;57867.03;56407.31;39747.77;35861.27;54347.45;47193.55;32108.11;47140.44;29187.50;69741.34
1759494992.890134;58294.12;56339.13;37386.95;36085.11;54218.27;45838.86;31978.43;47087.42;29129.40;70022.46
1759494993.003045;57725.67;56612.56;36235.29;36424.12;54089.52;45992.46;31849.38;46928.84;29013.59;69276.59
1759494993.116153;57867.03;56203.12;35824.14;37269.74;54868.61;47087.42;31720.93;46823.53;28840.86;69648.01
1759494993.229027;57867.03;56475.61;35565.50;37622.77;56067.59;47087.42;31434.16;46613.86;28697.81;69461.92
1759494993.342135;57584.82;56339.13;35091.25;37622.77;55730.80;46613.86;31307.69;46509.50;28726.35;69834.85
1759494993.4551349;57234.82;56000.00;34624.76;37465.35;54542.05;46095.24;31244.68;46301.75;28754.93;69741.34
1759494993.568086;57165.19;56203.12;34518.20;37741.38;54347.45;46043.81;31244.68;46405.47;28612.36;69554.87
1759494993.681037;57095.69;56135.30;34803.28;37741.38;54672.33;46613.86;31307.69;46250.00;28583.94;69276.59
1759494993.794037;57095.69;55865.17;35382.17;37940.12;53897.22;47140.44;31561.23;46353.57;28555.55;69554.87
1759494993.9069939;57444.44;55730.80;36010.30;37820.71;52577.82;47140.44;31720.93;46509.50;28385.91;69554.87
1759494994.020104;57234.82;55730.80;36424.12;37741.38;52393.07;46666.16;31625.00;46666.16;28273.44;69554.87
1759494994.1331031;57165.19;55330.48;36197.67;37386.95;52209.22;45941.18;31497.63;46770.99;28385.91;69369.16
1759494994.2460082;57095.69;55330.48;36160.10;37191.86;52887.79;44981.41;31497.63;46876.14;28245.40;69741.34
1759494994.359087;56339.13;55197.95;35972.97;36998.04;53326.09;44096.85;31370.85;47087.42;28301.51;69648.01
1759494994.472219;56818.89;55330.48;35676.06;36576.07;54153.84;43759.13;31434.16;47567.56;28245.40;69834.85
1759494994.585048;56887.91;55000.01;35639.16;36085.11;54868.61;43093.93;31593.10;47621.32;28161.47;69928.56
1759494994.698092;56818.89;54672.33;34660.38;35528.74;55596.90;42673.37;31881.58;47406.77;28133.56;70116.55
1759494994.811064;56612.56;54934.25;34200.88;35127.45;56544.02;42719.83;32108.11;47300.00;28273.44;70022.46
1759494994.9240692;56750.00;54803.06;34130.84;34910.93;57514.57;42766.36;32238.41;46876.14;28329.61;70116.55
1759494995.0370529;56681.22;55131.86;34624.76;34696.04;58870.73;43615.43;32140.63;46666.16;28357.74;70022.46
1759494995.150075;56750.00;55396.91;35861.27;35750.00;58870.73;46509.50;32303.80;45533.73;28527.20;69928.56
1759494995.263024;56475.61;56339.13;38422.53;37191.86;56135.30;50187.50;33783.28;45432.63;28840.86;70022.46
1759494995.3760908;56067.59;57655.18;43615.43;40088.22;52825.59;52577.82;35676.06;44585.37;29158.43;70305.32
1759494995.488981;55865.17;60349.17;53137.62;48714.29;49899.43;53642.32;36010.30;44438.05;29538.90;70210.84
1759494995.602108;57725.67;59235.34;63636.89;66497.04;49842.10;53452.26;34731.74;45331.84;30045.06;70210.84
1759494995.7149801;61032.26;63963.75;77437.08;97166.66;66584.06;52639.61;34731.74;47675.17;30347.47;69928.56
1759494995.828042;68180.19;71357.52;91036.39;136888.91;111072.38;49899.43;35018.98;50361.45;30807.74;69648.01
1759494995.941005;72039.66;79796.62;95764.72;155692.28;134406.28;48937.01;34946.90;52148.14;30900.76;68908.17
1759494996.054018;72931.51;85634.41;94395.37;168063.28;150256.23;51243.90;34696.04;52026.29;30745.90;68816.53
1759494996.167108;73232.55;88134.46;94395.37;173422.94;155692.28;55596.90;34412.02;51065.69;30591.94;68270.55
1759494996.28015;72335.08;86804.34;94095.34;172999.95;154647.03;57095.69;33991.30;50594.69;30347.47;68451.80
1759494996.393048;71357.52;86151.26;93648.25;171741.91;151583.81;57584.82;33817.85;50129.71;30256.38;68451.80
1759494996.50601;69928.56;85250.00;92618.31;168063.28;148948.80;56887.91;33714.29;49956.87;30105.26;68633.80
1759494996.618998;69648.01;84113.09;92764.32;164521.75;146078.41;54868.61;33679.85;49613.66;30075.14;68361.09
1759494996.732115;68725.08;82877.75;93796.90;159633.13;142397.78;51723.40;33611.11;49556.79;30105.26;68725.08
1759494996.844983;68090.01;80258.80;92037.97;153957.02;136609.19;46928.84;33542.54;49386.68;30165.61;69092.01
1759494996.958186;67820.55;77437.08;88134.46;146078.41;127402.99;45992.46;33371.85;49273.73;30286.71;69092.01
1759494997.071056;65381.18;71843.75;81432.84;132263.67;106699.98;50361.45;33067.24;49161.14;30715.04;69741.34
1759494997.184075;61493.98;66497.04;75394.60;110485.30;76351.53;56818.89;32732.69;48992.91;31307.69;70589.95
1759494997.296921;57026.31;63881.80;72731.86;93945.93;52148.14;61108.86;32732.69;48492.96;32500.91;73232.55
1759494997.4099321;58581.40;62196.26;70022.46;85250.00;50014.40;63474.37;33440.00;49727.70;33921.79;74870.98
1759494997.5230122;57444.44;62196.26;71068.20;82150.28;50014.40;64791.91;34946.90;50653.23;35055.09;74456.12
1759494997.636034;56475.61;62196.26;71260.88;82634.13;50303.38;64210.54;35528.74;50594.69;34910.93;74766.93
1759494997.7489338;56000.00;61416.67;70210.84;81195.88;50072.01;61185.60;34946.90;49273.73;34341.46;74352.93
1759494997.8620212;56887.91;60273.96;71068.20;80842.47;50536.23;61571.43;34376.72;49613.66;33542.54;74352.93
1759494997.9749749;56887.91;60049.17;73031.64;81314.22;51602.94;59089.11;33852.44;50477.88;32600.00;73031.64
1759494998.088025;56475.61;61571.43;77218.05;80142.87;53326.09;57655.18;32765.96;51482.87;31434.16;71454.37
1759494998.2009149;56681.22;62432.99;77657.07;80375.01;57304.57;54607.13;31720.93;50477.88;30622.66;69741.34
1759494998.3140988;57937.89;61108.86;74044.77;76351.53;72632.35;51904.83;31497.63;50653.23;29985.00;69648.01
1759494998.4269152;64458.73;62353.93;67820.55;79567.09;107068.74;59235.34;32205.77;52026.29;29187.50;70589.95
1759494998.539937;72731.86;68451.80;58653.54;93945.93;138017.78;95918.86;31276.17;50187.50;26435.48;69928.56
1759494998.652936;87598.53;73434.31;57796.29;114499.98;168063.28;129157.71;30653.42;52026.29;24921.87;68451.80
1759494998.76609;102605.81;76566.74;56681.22;115123.26;177314.20;146078.41;30256.38;56544.02;24247.43;66671.25
1759494998.878916;103299.03;75923.92;53705.88;103473.54;168868.64;139741.47;29450.60;60049.17;23964.29;66150.68
1759494998.991958;99251.67;73434.31;52331.69;97166.66;156043.45;133865.02;29187.50;59529.41;23824.01;66323.52
1759494999.104942;93499.98;70972.15;50947.37;88675.70;138588.25;123072.44;29042.49;55530.12;23847.33;66758.61
1759494999.21803;82270.82;69461.92;48658.82;69276.59;107068.74;84113.09;29013.59;52331.69;24462.09;67731.09
1759494999.3309498;71357.52;68361.09;60575.63;66671.25;87067.79;47675.17;29686.75;51663.12;26935.36;71068.20
1759494999.444025;63881.80;67198.03;68180.19;80725.20;81195.88;51422.98;33714.29;51184.40;29042.49;70210.84
1759494999.557004;62275.02;68908.17;70210.84;89635.70;75923.92;53578.86;32899.45;49161.14;30900.76;71068.20
1759494999.6700091;63393.36;68270.55;70876.30;94696.91;71357.52;55197.95;33508.32;51363.19;32336.55;71164.44
1759494999.782971;65978.51;65978.51;70876.30;96383.71;64128.11;57867.03;34589.20;52270.40;33921.79;73232.55
1759494999.8959548;61649.03;65296.51;70494.88;100571.45;58509.39;60273.96;35935.69;52331.69;35898.46;75289.42
1759495000.008975;59089.11;65636.19;71260.88;106884.09;54737.64;61339.51;36386.26;52270.40;37036.70;76459.02
1759495000.121985;62039.18;68000.00;72236.41;109710.54;55197.95;61032.26;36538.01;51904.83;37075.41;76244.27
1759495000.23497;61416.67;65807.02;70399.98;108944.79;58725.80;59235.34;36160.10;51723.40;36235.29;75605.64
1759495000.348032;60575.63;64541.79;70116.55;110485.30;67375.01;57867.03;35750.00;52148.14;35236.34;75079.75
1759495000.460934;60424.53;64708.37;71648.66;112062.49;79224.73;57026.31;35127.45;52516.14;34095.89;74044.77
1759495000.573916;63393.36;65721.52;72533.05;110096.78;93796.90;55264.16;33783.28;51303.50;33033.60;72236.41
1759495000.687049;68000.00;66410.20;72137.93;104530.90;103824.02;53705.88;32633.11;50245.39;32010.79;70305.32
1759495000.799946;70685.20;67021.75;69092.01;95152.16;112062.49;65043.48;32402.18;51783.78;30195.83;70022.46
1759495000.913004;76566.74;69000.00;54412.21;88404.39;124965.77;93499.98;30561.26;52639.61;27095.37;69648.01
1759495001.0259252;84615.39;69461.92;50653.23;93796.90;141502.72;122374.98;29775.86;53961.21;25341.04;68000.00
1759495001.1390011;95152.16;70116.55;51422.98;98441.17;156749.97;134406.28;28898.31;57867.03;24486.07;66846.14
1759495001.252037;100571.45;71357.52;50947.37;89635.70;152932.03;136888.91;28245.40;62750.70;24129.03;66237.02
1759495001.364896;102090.92;71068.20;49670.64;83491.82;145765.33;130694.91;27911.36;61726.77;23940.85;65721.52
1759495001.477928;97009.25;69461.92;48603.45;79796.62;137451.34;128904.52;27746.00;60955.81;23894.04;65721.52
1759495001.5910149;88811.83;68633.80;48992.91;72433.96;120999.98;110680.41;27691.12;56612.56;24176.32;66323.52
1759495001.703854;77878.04;68361.09;53263.16;62591.54;91893.80;63718.37;27746.00;55000.01;24702.96;67820.55
1759495001.816958;69369.16;67552.69;68361.09;72831.58;87732.02;47460.29;31817.21;52825.59;28022.21;71648.66
1759495001.929919;63312.49;72831.58;72236.41;90191.79;87199.99;52701.50;32566.93;50947.37;30015.01;70589.95
1759495002.042932;60049.17;69928.56;70876.30;97960.05;83245.31;54803.06;32600.00;49613.66;31688.92;71648.66
1759495002.155954;61339.51;72236.41;69000.00;100905.89;79567.09;56818.89;33576.80;51184.40;33371.85;71941.61
1759495002.269225;67375.01;73535.52;67198.03;104000.00;74663.10;58581.40;34660.38;51965.51;35091.25;73232.55
1759495002.381871;67463.77;74249.98;66323.52;107439.63;71648.66;59974.52;35200.00;52087.16;36160.10;74044.77
1759495002.494963;65892.68;74352.93;66846.14;110096.78;71260.88;59455.69;35163.70;52331.69;35935.69;73942.48
1759495002.6079192;64708.37;73131.99;64875.60;110680.41;76351.53;57655.18;34910.93;52516.14;34875.00;73636.94
1759495002.720835;64128.11;73131.99;67286.43;108376.29;79796.62;56957.05;34482.76;52454.55;34095.89;72931.51
1759495002.833908;60879.49;70685.20;70116.55;105968.73;86151.26;55463.46;33679.85;51844.26;33371.85;72335.08
1759495002.946815;61649.03;69369.16;71068.20;99578.93;90753.45;53515.50;32765.96;50888.35;32303.80;70876.30
1759495003.059874;66410.20;68633.80;69276.59;89359.72;96383.71;52887.79;32238.41;50361.45;31276.17;70305.32
1759495003.172897;69000.00;67021.75;59825.61;76782.89;100571.45;61960.86;32336.55;51723.40;29835.44;70494.88
1759495003.285915;75711.50;65381.18;46509.50;69554.87;112262.29;83739.45;30045.06;51065.69;26935.36;69092.01
1759495003.398889;83368.40;63636.89;45483.14;70685.20;127155.65;111664.69;28869.57;51844.26;24678.76;68000.00
1759495003.511842;89222.24;62671.05;45483.14;64625.00;132793.78;122374.98;27691.12;56475.61;24011.24;66933.87
1759495003.6249652;93499.98;62512.19;44193.98;57026.31;128150.01;118765.63;27801.00;59899.99;23661.43;66064.51
1759495003.7379231;91893.80;61571.43;43046.93;53515.50;122606.73;115332.28;27911.36;59677.24;23522.99;65978.51
1759495003.850933;89497.54;61804.65;42212.41;53578.86;115542.02;110096.78;27801.00;59529.41;23500.00;66237.02
1759495003.9638689;85250.00;62039.18;41712.86;54282.80;100905.89;100738.45;27554.46;58870.73;23661.43;66064.51
1759495004.07692;78211.34;62750.70;41893.62;48218.24;83245.31;72731.86;27445.66;57165.19;24105.43;66846.14
1759495004.1899362;71941.61;62353.93;49556.79;46770.99;69554.87;45941.18;27856.12;56271.07;25019.83;69648.01
1759495004.3030772;66323.52;62275.02;60273.96;50653.23;63474.37;43519.99;28414.10;54607.13;26961.96;71454.37
1759495004.4159958;62830.50;63718.37;63151.22;54282.80;60651.39;45838.86;31946.11;51006.48;28161.47;70876.30
1759495004.5288682;60123.96;62830.50;63963.75;59825.61;58365.75;49443.30;32566.93;49330.16;29245.73;70494.88
1759495004.641812;58725.80;62117.64;63881.80;62750.70;56271.07;50829.43;33000.00;48327.87;29746.12;70116.55
1759495004.754926;58437.50;61649.03;63474.37;62117.64;55463.46;50947.37;33236.05;47891.40;29925.07;70589.95
1759495004.8678741;58080.00;61032.26;62512.19;57796.29;53137.62;50947.37;33303.87;47621.32;29955.02;70780.65
1759495004.9808471;56957.05;60049.17;59899.99;51243.90;52825.59;50594.69;33337.84;47567.56;29775.86;70685.20
1759495005.093809;55730.80;59308.66;56887.91;45131.14;53452.26;50419.62;33508.32;47621.32;29597.94;70494.88
1759495005.206908;54737.64;58008.89;50947.37;40868.11;55330.48;49670.64;33817.85;48327.87;29421.23;70305.32
1759495005.3199968;54218.27;56407.31;45584.39;38260.86;58151.25;48108.95;33887.09;48054.44;29216.60;70780.65
1759495005.432964;54218.27;55197.95;39747.77;36843.89;62432.99;45231.34;33956.53;48825.47;28812.18;70399.98
1759495005.545872;54542.05;54607.13;35639.16;36272.96;62275.02;42719.83;33679.85;48769.84;28669.29;70399.98
1759495005.658784;55264.16;53961.21;34200.88;36843.89;61185.60;42212.41;33508.32;49161.14;28414.10;70210.84
1759495005.771978;56000.00;53705.88;34026.12;37860.46;60049.17;42121.00;33405.90;50072.01;28189.42;70305.32
1759495005.884879;56203.12;53263.16;34060.99;38301.20;59677.24;41577.98;33269.94;49842.10;28189.42;70210.84
1759495005.99792;56067.59;53137.62;33817.85;37701.79;59455.69;41176.72;33269.94;48992.91;28077.82;68633.80
1759495006.110765;55530.12;53200.34;33887.09;37075.41;58365.75;40605.98;33371.85;48881.20;28133.56;69276.59
1759495006.2238379;54477.07;53200.34;39202.45;38789.48;57584.82;42075.39;34412.02;49161.14;28245.40;69554.87
1759495006.336847;54803.06;54153.84;51303.50;46666.16;56339.13;45635.12;36767.12;49104.97;28583.94;69648.01
1759495006.4498718;56818.89;55865.17;62750.70;65551.02;55197.95;48825.47;37900.27;48492.96;29013.59;69092.01
1759495006.5628421;60879.49;61493.98;74456.12;84995.26;67820.55;49784.85;36843.89;48437.84;29245.73;68090.01
1759495006.6758;63800.01;65636.19;80842.47;98926.16;87598.53;50361.45;36767.12;48769.84;29509.43;67820.55
1759495006.7888708;67375.01;68270.55;84113.09;108000.02;99251.67;50361.45;36386.26;49104.97;29568.40;67820.55
1759495006.901823;69554.87;70022.46;84615.39;111269.23;103299.03;50245.39;36348.45;49386.68;29627.51;68000.00
1759495007.014813;70589.95;71551.41;85634.41;111269.23;102778.40;50303.38;36386.26;49727.70;29450.60;68270.55
1759495007.1277928;70972.15;72039.66;84615.39;105425.73;97960.05;50770.60;36576.07;50014.40;29421.23;68451.80
1759495007.2407858;70972.15;71843.75;85122.48;103648.54;92327.40;51904.83;36538.01;50072.01;29421.23;68451.80
1759495007.353975;70399.98;70972.15;81077.80;97166.66;87865.84;51965.51;36500.00;49842.10;29333.33;68451.80
1759495007.466771;70210.84;71164.44;83615.49;97800.52;86151.26;51663.12;36010.30;49499.99;29245.73;68451.80
1759495007.5800252;69554.87;70780.65;84363.65;97641.43;86021.59;51006.48;35787.04;48881.20;29245.73;68270.55
1759495007.692747;68816.53;70022.46;82877.75;97009.25;84868.34;50653.23;35528.74;48881.20;29245.73;67910.19
1759495007.805873;68725.08;68908.17;82512.75;96539.48;84489.38;50477.88;35528.74;48714.29;29304.10;68542.72
1759495007.918756;68633.80;68816.53;81670.88;95610.98;83368.40;50072.01;35309.15;48548.16;29158.43;68361.09
1759495008.031839;68090.01;68542.72;81432.84;95457.64;84113.09;49727.70;35163.70;48327.87;29187.50;68270.55
1759495008.144846;68180.19;67910.19;80960.00;95152.16;84363.65;49556.79;35055.09;48437.84;29129.40;68000.00
1759495008.258034;67375.01;67820.55;78997.77;95000.02;86151.26;49273.73;34839.12;48054.44;29071.43;68270.55
1759495008.371217;67820.55;68000.00;79681.73;100738.45;93204.59;48881.20;34803.28;48492.96;29071.43;68361.09
1759495008.4844842;67731.09;68090.01;80491.47;105968.73;99907.96;48492.96;34839.12;48548.16;29129.40;68180.19
1759495008.597108;67820.55;68725.08;82634.13;110290.76;104000.00;48492.96;35055.09;48548.16;29216.60;68180.19
1759495008.7101629;67286.43;69092.01;84741.72;114087.59;105066.28;48382.82;35163.70;48714.29;29391.90;68361.09
1759495008.823141;66758.61;69276.59;84238.22;112663.67;102605.81;48437.84;35127.45;48769.84;29509.43;68451.80
1759495008.936108;66323.52;68816.53;83863.70;111072.38;101410.98;48163.55;34946.90;48603.45;29391.90;68542.72
1759495009.049186;66323.52;69369.16;85892.22;116174.88;105245.75;48437.84;34731.74;49956.87;29333.33;67910.19
1759495009.162375;65892.68;70685.20;87067.79;123072.44;111072.38;48658.82;34412.02;50014.40;29245.73;68270.55
1759495009.275177;65807.02;71551.41;88134.46;131475.28;116387.12;49727.70;34165.84;50361.45;29421.23;68180.19
1759495009.388393;66584.06;71648.66;87598.53;137451.34;120773.37;50594.69;34026.12;50187.50;29597.94;68180.19
1759495009.501156;65978.51;71746.10;87865.84;138302.50;123072.44;50303.38;34060.99;50245.39;29657.11;67820.55
1759495009.6142058;65892.68;71941.61;87199.99;138875.00;124012.93;49273.73;34271.09;50014.40;29716.42;67552.69
1759495009.727148;65636.19;72039.66;87865.84;137451.34;122374.98;47891.40;34341.46;50361.45;30045.06;67910.19
1759495009.840103;65127.66;71454.37;88404.39;134951.25;120097.79;46718.54;34271.09;50245.39;30165.61;67910.19
1759495009.953286;64791.91;71454.37;89497.54;137169.63;117242.68;45992.46;34341.46;49956.87;30317.07;67910.19
1759495010.066443;64791.91;73738.56;90331.68;140032.38;118985.91;45941.18;34376.72;50072.01;30408.38;68908.17
1759495010.179059;65381.18;76674.70;90753.45;142098.34;119650.95;45992.46;34589.20;49899.43;30469.43;68542.72
1759495010.2922602;66497.04;78884.67;90471.91;143606.59;119650.95;46146.75;34696.04;50361.45;30469.43;67641.80
1759495010.4051032;67463.77;80842.47;90471.91;141799.98;116387.12;46823.53;35055.09;50770.60;30869.72;68633.80
1759495010.518215;68000.00;80960.00;88539.90;138875.00;114499.98;47567.56;35236.34;51006.48;31119.11;68542.72
1759495010.631216;67463.77;79567.09;88404.39;132263.67;109518.27;49217.39;35272.72;50770.60;31307.69;68361.09
1759495010.744096;66758.61;76459.02;87865.84;125931.05;101410.98;51125.00;35127.45;50536.23;31276.17;68180.19
1759495010.857208;66584.06;74766.93;87865.84;114707.10;89359.72;53137.62;35055.09;50129.71;31119.11;68542.72
1759495010.970134;65212.00;72039.66;86281.25;101073.79;73434.31;54737.64;34731.74;49273.73;30900.76;68180.19
1759495011.0830688;64128.11;70589.95;82634.13;90471.91;59751.35;55463.46;34803.28;48658.82;30622.66;68361.09
1759495011.1963499;63636.89;68816.53;79224.73;83988.25;54477.07;55463.46;34589.20;48492.96;30530.61;68180.19
1759495011.309152;63231.78;68090.01;77327.45;80258.80;51602.94;54934.25;34589.20;48273.02;30408.38;68816.53
1759495011.422147;63070.81;65551.02;75289.42;77108.91;50072.01;54868.61;34553.67;48054.44;30256.38;69276.59
1759495011.5350862;62196.26;64625.00;72632.35;71941.61;48492.96;55330.48;34660.38;47675.17;30256.38;69276.59
1759495011.6484501;61108.86;61804.65;69369.16;62830.50;47837.21;56271.07;34910.93;47087.42;30377.91;69554.87
1759495011.7611232;58870.73;59603.25;64128.11;51363.19;50477.88;57304.57;35055.09;46301.75;30377.91;70210.84
1759495011.8741372;57725.67;58725.80;61649.03;48769.84;50829.43;56957.05;34767.48;45787.82;30561.26;70305.32
1759495011.9870179;57165.19;58509.39;60500.01;48937.01;50072.01;55596.90;34767.48;45483.14;30500.00;70116.55
1759495012.100137;56544.02;58151.25;61804.65;52887.79;49104.97;54089.52;34412.02;45736.85;30469.43;69554.87
1759495012.2130969;56475.61;59455.69;66584.06;65043.48;49556.79;53389.12;34660.38;46561.64;30469.43;69184.21
1759495012.326163;57234.82;62591.54;71941.61;79111.13;53200.34;53200.34;35018.98;47567.56;30591.94;69369.16
1759495012.439073;58008.89;65296.51;76244.27;91606.55;61804.65;53075.00;35382.17;48603.45;30776.80;69184.21
1759495012.55216;59455.69;67286.43;81077.80;99578.93;68180.19;52639.61;35602.30;49217.39;30900.76;69184.21
1759495012.665079;59016.19;65978.51;77878.04;93057.45;62512.19;52577.82;35382.17;49048.89;30900.76;69369.16
1759495012.778116;58151.25;63393.36;74456.12;83739.45;53200.34;52763.49;35018.98;48273.02;30653.42;69369.16
1759495012.891099;57374.44;62353.93;71941.61;76030.47;48548.16;53200.34;34875.00;48054.44;30622.66;69369.16
1759495013.004127;56957.05;62039.18;69461.92;69554.87;47353.34;53137.62;34731.74;47567.56;30622.66;69554.87
1759495013.117023;56000.00;60424.53;67641.80;64959.46;46770.99;53452.26;34803.28;47193.55;30591.94;69461.92
1759495013.2301629;56135.30;59677.24;66323.52;61649.03;47140.44;53452.26;34839.12;46823.53;30530.61;69184.21
1759495013.343147;55865.17;59016.19;64791.91;57584.82;46981.62;54089.52;34875.00;46770.99;30438.88;69000.00
1759495013.456146;55797.93;58008.89;62750.70;54737.64;46666.16;54542.05;35018.98;46561.64;30469.43;69648.01
1759495013.569131;55932.53;58653.54;62512.19;51904.83;47729.11;55264.16;34946.90;45992.46;30500.00;70022.46
1759495013.682131;54934.25;57514.57;59677.24;47837.21;49330.16;55530.12;34839.12;45635.12;30715.04;70116.55
1759495013.795041;55065.88;57234.82;59603.25;48769.84;48382.82;54089.52;34589.20;45533.73;30591.94;70116.55
1759495013.908171;53705.88;56887.91;60123.96;52148.14;47513.88;53075.00;34518.20;45533.73;30500.00;69928.56
1759495014.0210931;54089.52;57796.29;64959.46;62432.99;47567.56;52393.07;34589.20;45941.18;30408.38;69184.21
1759495014.1341782;55065.88;61185.60;71843.75;77108.91;50770.60;52148.14;35127.45;47193.55;30500.00;69092.01
1759495014.2471051;56544.02;65127.66;78211.34;92472.67;60349.17;52209.22;35055.09;48548.16;30807.74;69092.01
1759495014.360159;58222.62;69000.00;85377.84;104530.90;72931.51;52270.40;35236.34;49499.99;30900.76;69184.21
1759495014.47313;59016.19;69276.59;85505.97;106333.31;74352.93;52577.82;35236.34;49443.30;31119.11;68908.17
1759495014.586432;57725.67;66758.61;81670.88;93057.45;62830.50;52950.09;35055.09;49217.39;30838.71;69369.16
1759495014.699018;57026.31;63718.37;76459.02;82877.75;49784.85;53452.26;34589.20;48382.82;30745.90;69648.01
1759495014.812184;55730.80;61032.26;71648.66;69554.87;46146.75;54025.31;34447.37;47621.32;30561.26;69369.16
1759495014.9251132;54607.13;59089.11;67731.09;61726.77;46250.00;53326.09;34624.76;47300.00;30377.91;69554.87
1759495015.038083;53961.21;57867.03;65043.48;56475.61;46718.54;53642.32;34447.37;46718.54;30408.38;69928.56
1759495015.151119;53515.50;57374.44;62353.93;53452.26;47087.42;53769.55;34447.37;46509.50;30408.38;69834.85
1759495015.264126;53578.86;57867.03;61339.51;51065.69;47460.29;53769.55;34482.76;46198.34;30500.00;69928.56
1759495015.377103;53515.50;56957.05;60123.96;49217.39;48108.95;54672.33;34482.76;46146.75;30653.42;70589.95
1759495015.49006;52701.50;56544.02;58222.62;45992.46;49048.89;55065.88;34482.76;45533.73;30622.66;70589.95
1759495015.6030788;52270.40;56544.02;58080.00;46250.00;48108.95;53769.55;34412.02;45382.19;30591.94;70305.32
1759495015.7161338;51965.51;56135.30;58080.00;48769.84;47406.77;53012.50;34306.25;45483.14;30561.26;70305.32
1759495015.829029;51844.26;56135.30;59899.99;54477.07;47193.55;52209.22;34130.84;45533.73;30438.88;69741.34
1759495015.942102;52454.55;57165.19;66758.61;66846.14;48492.96;51602.94;34341.46;46250.00;30530.61;69184.21
1759495016.0550668;54412.21;61108.86;73232.55;81195.88;52950.09;51542.86;34482.76;47140.44;30807.74;69554.87
1759495016.168122;56000.00;64708.37;79338.59;92327.40;62275.02;51542.86;34660.38;48054.44;31087.80;69461.92
1759495016.281122;57444.44;66410.20;82512.75;99578.93;69648.01;51783.78;34839.12;48327.87;31025.31;69369.16
1759495016.3941078;57234.82;65721.52;80375.01;93648.25;62910.45;51904.83;34589.20;48054.44;30838.71;69554.87
1759495016.507117;56339.13;62432.99;76674.70;85763.16;54282.80;52270.40;34376.72;47621.32;30931.84;69461.92
1759495016.6200929;54934.25;61416.67;73535.52;76891.33;48437.84;52270.40;34235.96;46876.14;30869.72;69648.01
1759495016.733027;54934.25;59677.24;69648.01;70399.98;47034.48;52577.82;34306.25;46770.99;30745.90;69741.34
1759495016.8460531;53515.50;58437.50;67910.19;63474.37;46146.75;52887.79;34271.09;46301.75;30715.04;69741.34
1759495016.959008;53137.62;57444.44;66064.51;59974.52;46509.50;53012.50;34341.46;46198.34;30530.61;69648.01
1759495017.0721211;52639.61;56544.02;64293.11;56339.13;46457.45;53578.86;34376.72;46043.81;30653.42;69648.01
1759495017.185021;52270.40;56407.31;62117.64;51363.19;47406.77;54282.80;34624.76;45533.73;30561.26;69834.85
1759495017.298173;52026.29;56000.00;61416.67;47513.88;48382.82;55730.80;34447.37;45635.12;30500.00;69928.56
1759495017.410941;51125.00;55463.46;57584.82;40562.50;52887.79;56957.05;34447.37;45181.20;30500.00;70210.84
1759495017.524042;50653.23;55530.12;56681.22;39917.52;53389.12;55865.17;34165.84;44981.41;30377.91;70305.32
1759495017.636992;50477.88;55530.12;59235.34;46457.45;50770.60;53769.55;34026.12;45281.55;30653.42;70780.65
1759495017.7500958;51663.12;57095.69;68633.80;71454.37;50536.23;52516.14;34839.12;46457.45;30776.80;70022.46
1759495017.862978;57725.67;70685.20;84615.39;121684.20;108944.79;49670.64;35492.03;50594.69;30962.96;69554.87
1759495017.976074;73232.55;88539.90;96383.71;171741.91;142698.33;50653.23;35565.50;54412.21;31402.49;68633.80
1759495018.089073;80258.80;107253.91;103125.01;196135.66;162610.69;64875.60;35272.72;55530.12;31625.00;67820.55
1759495018.202035;78884.67;114499.98;107439.63;213221.86;176874.22;76351.53;35018.98;54218.27;31307.69;67552.69
1759495018.3151019;73840.41;118985.91;112062.49;220830.25;184155.61;79111.13;34696.04;53012.50;30900.76;68180.19
1759495018.428054;71843.75;120097.79;110680.41;225500.02;186060.03;82270.82;34200.88;51965.51;30469.43;66933.87
1759495018.5409658;70972.15;115332.28;106150.77;220177.48;186060.03;86151.26;33405.90;51065.69;29985.00;67820.55
1759495018.6539898;69369.16;109326.55;104353.43;207236.61;172159.44;90191.79;32435.05;50072.01;29509.43;67463.77
1759495018.766986;70494.88;97800.52;99907.96;181363.45;150256.23;87999.98;31339.25;49443.30;29187.50;67820.55
1759495018.880019;71164.44;84741.72;81670.88;127155.65;129666.66;73840.41;30962.96;50361.45;29071.43;68725.08
1759495018.993014;71843.75;66933.87;47087.42;60198.89;82150.28;50072.01;31025.31;52516.14;29362.60;68816.53
1759495019.1059608;65127.66;58294.12;39160.89;41488.37;58365.75;45382.19;29955.02;52577.82;29362.60;68270.55
1759495019.219003;63963.75;56750.00;37465.35;44981.41;54218.27;45031.25;29362.60;55932.53;29245.73;68000.00
1759495019.3320441;63070.81;56000.00;36462.04;42906.34;53200.34;43188.13;29304.10;56887.91;28984.72;68090.01
1759495019.445045;63474.37;55730.80;36386.26;41533.14;53452.26;42304.07;29568.40;56612.56;29042.49;67910.19
1759495019.558047;69369.16;60575.63;45483.14;60500.01;71941.61;43235.33;30807.74;56407.31;29450.60;67731.09
1759495019.6710699;77218.05;76351.53;76030.47;110876.11;113270.25;50014.40;31752.98;51904.83;29100.40;68180.19
1759495019.784228;79338.59;91893.80;103299.03;160738.39;138017.78;61960.86;31978.43;51965.51;28612.36;67731.09
1759495019.8972192;75711.50;105787.22;117674.44;187025.50;158541.03;67552.69;32966.45;52516.14;28555.55;67552.69
1759495020.0101938;70972.15;117891.31;125931.05;214456.63;173422.94;70305.32;33852.44;54542.05;29013.59;67463.77
1759495020.123175;69741.34;125688.55;126418.47;229648.05;182750.00;67286.43;33576.80;54153.84;29245.73;67641.80
1759495020.236213;68000.00;130436.54;124250.04;229648.05;184628.44;65296.51;32832.62;51965.51;29274.90;67552.69
1759495020.349205;68908.17;116813.59;116387.12;222809.83;180449.45;67109.80;32205.77;50303.38;29013.59;67820.55
1759495020.462189;69928.56;110876.11;114707.10;220177.48;176000.06;66584.06;31817.21;49727.70;28898.31;68270.55
1759495020.575109;68725.08;105425.73;115123.26;203225.02;161482.73;64708.37;31339.25;49443.30;28783.54;68361.09
1759495020.6882088;68908.17;99578.93;112663.67;181363.45;146392.56;65978.51;30776.80;48881.20;28612.36;68451.80
1759495020.8011;69092.01;89635.70;99578.93;144833.30;136330.42;67021.75;30438.88;47621.32;27856.12;69648.01
1759495020.914114;74456.12;78997.77;66933.87;94545.95;122606.73;61649.03;30377.91;46405.47;27229.51;69369.16
1759495021.027253;72931.51;63963.75;46198.34;63881.80;95000.02;54672.33;29333.33;46613.86;27068.63;67641.80
1759495021.140185;68270.55;58943.39;39077.97;45685.96;72433.96;51363.19;29042.49;47621.32;27175.77;66846.14
1759495021.253047;66584.06;57165.19;37543.95;49556.79;59382.11;52516.14;28984.72;48218.24;26935.36;68000.00
1759495021.366216;65043.48;56339.13;36272.96;49048.89;55932.53;50477.88;28726.35;48603.45;27015.24;67021.75
1759495021.479132;63800.01;56067.59;35898.46;46928.84;55663.80;48273.02;28812.18;48054.44;26882.26;68000.00
1759495021.592202;65296.51;58151.25;38463.09;46666.16;59751.35;44487.09;29129.40;47891.40;26882.26;69834.85
1759495021.705129;71164.44;72039.66;59974.52;82755.80;88404.39;44438.05;30653.42;46823.53;26855.75;70685.20
1759495021.818143;73232.55;82755.80;88134.46;125205.91;117242.68;57655.18;31025.31;47406.77;27418.54;70589.95
1759495021.9310322;74870.98;96383.71;101750.02;166867.92;140911.38;69741.34;32303.80;48218.24;27718.54;70116.55
1759495022.044215;70972.15;110290.76;117027.80;189478.83;160000.05;70972.15;33168.40;48658.82;27773.48;69461.92
1759495022.1571178;68361.09;113882.33;121684.20;216333.25;173847.77;72236.41;33269.94;51065.69;27663.73;69369.16
1759495022.270113;64959.46;117891.31;118327.12;228947.09;180905.42;68180.19;33714.29;54737.64;27911.36;69276.59
1759495022.3830621;64791.91;114914.87;110876.11;226867.42;180449.45;65296.51;33576.80;52701.50;28189.42;69276.59
1759495022.496642;64625.00;110096.78;108754.73;219528.23;178200.05;64959.46;32932.92;51065.69;28133.56;69741.34
1759495022.609191;65466.02;109518.27;111072.38;216333.25;171741.91;73942.48;32140.63;49386.68;27994.45;69741.34
1759495022.72212;65381.18;102433.71;114499.98;203789.48;158541.03;78434.77;31402.49;48218.24;27691.12;70022.46
1759495022.835339;67463.77;92327.40;109326.55;176874.22;143911.56;80258.80;31087.80;47140.44;27554.46;69834.85
1759495022.948117;67641.80;81314.22;84238.22;126418.47;126418.47;71454.37;30715.04;46718.54;27175.77;69834.85
1759495023.0610611;69834.85;67286.43;49273.73;73942.48;99907.96;55530.12;29925.07;45584.39;26776.39;68000.00
1759495023.17405;64458.73;59016.19;39960.11;45635.12;76244.27;50014.40;29187.50;48437.84;26802.82;66758.61
1759495023.287055;62196.26;57095.69;37820.71;49104.97;57796.29;51184.40;29100.40;48881.20;26750.00;68000.00
1759495023.400177;61649.03;56887.91;37820.71;54218.27;55131.86;54737.64;28442.33;48769.84;26539.87;68000.00
1759495023.51306;60500.01;56544.02;37075.41;52887.79;54412.21;53833.33;28245.40;48437.84;26487.62;68270.55
1759495023.626147;59455.69;55797.93;36424.12;49556.79;54347.45;50947.37;28217.39;47783.12;26566.04;69000.00
1759495023.738923;59308.66;56203.12;37036.70;46981.62;56750.00;45838.86;28754.93;48000.01;26644.71;69369.16
1759495023.852204;62039.18;59529.41;47246.73;66933.87;74663.10;42121.00;30653.42;47891.40;26961.96;70399.98
1759495023.96508;68180.19;73434.31;79567.09;115542.02;106333.31;48492.96;31276.17;47513.88;27500.00;70305.32
1759495024.0780249;71357.52;86411.55;98926.16;156043.45;128904.52;62353.93;31656.94;48327.87;27581.73;69184.21
1759495024.191112;72039.66;101242.16;109135.38;182285.73;149927.50;71068.20;32500.91;48881.20;27472.81;69741.34
1759495024.3041039;68908.17;107625.93;113677.70;204926.95;170089.53;77218.05;32533.90;50072.01;27122.14;68542.72
1759495024.417087;66584.06;109135.38;111072.38;215704.39;177756.14;74352.93;32633.11;51904.83;27068.63;68542.72
1759495024.5300531;64959.46;106884.09;108000.02;213837.61;170912.17;66758.61;32402.18;51184.40;27337.35;68908.17
1759495024.6430771;67021.75;99415.08;103473.54;204926.95;158541.03;61882.68;32010.79;50014.40;28217.39;69834.85
1759495024.756053;69369.16;89913.05;98764.06;191990.44;147024.42;55463.46;31785.08;49784.85;30195.83;70876.30
1759495024.869034;67641.80;82270.82;92182.51;177314.20;130954.14;50536.23;32140.63;50419.62;32205.77;72533.05
1759495024.982093;62039.18;74456.12;83863.70;156749.97;111863.29;48825.47;32666.26;53075.00;33202.21;74147.27
1759495025.0950599;56750.00;68542.72;77327.45;132263.67;93204.59;54347.45;32899.45;52577.82;33474.14;76030.47
1759495025.208141;51723.40;64210.54;74870.98;103299.03;68816.53;56544.02;33337.84;51783.78;33645.46;76999.99
1759495025.321055;48108.95;61185.60;75079.75;84363.65;53075.00;57867.03;33542.54;51184.40;33508.32;76999.99
1759495025.434144;46198.34;59751.35;69461.92;72533.05;50072.01;58581.40;33991.30;50888.35;33679.85;77327.45
1759495025.54703;45584.39;59162.16;68451.80;71843.75;49386.68;58725.80;34447.37;50947.37;33371.85;76782.89
1759495025.6601338;44931.65;58870.73;72931.51;81314.22;50829.43;59455.69;35455.36;51965.51;33202.21;76137.26
1759495025.7729979;44000.00;59899.99;76566.74;92618.31;52270.40;60575.63;36652.34;52577.82;33817.85;76351.53
1759495025.886208;44733.33;61108.86;78211.34;102605.81;51243.90;62512.19;37980.02;52950.09;35345.63;76999.99
1759495025.999049;47513.88;63231.78;78997.77;110096.78;51243.90;65978.51;38912.78;54412.21;36010.30;77988.89
1759495026.112422;49899.43;65127.66;82030.02;116600.02;52270.40;69092.01;39160.89;53897.22;35935.69;77546.95
1759495026.2250738;53833.33;65978.51;83739.45;118108.88;53515.50;68633.80;39790.12;53642.32;36047.68;76999.99
1759495026.3379881;54282.80;65466.02;83615.49;118546.03;53769.55;64959.46;39119.41;52763.49;35824.14;76566.74
1759495026.450989;51783.78;64458.73;82634.13;114707.10;55663.80;61726.77;38463.09;53137.62;35055.09;75605.64
1759495026.564159;46457.45;63151.22;84868.34;108376.29;57725.67;59162.16;37426.12;53326.09;33887.09;73535.52
1759495026.677011;46043.81;64045.86;86021.59;98441.17;59235.34;57444.44;36424.12;52825.59;33033.60;73738.56
1759495026.790217;47567.56;64708.37;80142.87;86935.91;60500.01;56000.00;35345.63;52825.59;32205.77;73738.56
1759495026.903085;51363.19;63963.75;70780.65;77218.05;68000.00;53897.22;33852.44;52950.09;31720.93;73636.94
1759495027.016026;50947.37;61108.86;63474.37;72632.35;77878.04;53769.55;32205.77;53578.86;31307.69;73840.41
1759495027.128997;57655.18;59825.61;56203.12;70210.84;91463.48;57867.03;31402.49;53012.50;30776.80;72931.51
1759495027.242063;59235.34;59235.34;49048.89;68633.80;100073.15;66410.20;31497.63;51422.98;29538.90;72831.58
1759495027.355039;60575.63;58943.39;45787.82;67109.80;103299.03;70116.55;31529.41;50419.62;28640.81;72236.41
1759495027.468023;59089.11;58653.54;45181.20;64458.73;94095.34;63636.89;31402.49;50129.71;28612.36;72533.05
1759495027.58103;58151.25;58294.12;49670.64;60575.63;80258.80;52454.55;31276.17;50419.62;28783.54;72533.05
1759495027.694401;55596.90;57725.67;62750.70;68361.09;67552.69;51602.94;31307.69;51125.00;29597.94;72632.35
1759495027.8070788;53897.22;61571.43;76244.27;79338.59;59235.34;53452.26;32010.79;51422.98;30105.26;72433.96
1759495027.9204302;52950.09;67375.01;82634.13;89359.72;56612.56;54868.61;33645.46;51006.48;31656.94;73031.64
1759495028.033092;50303.38;70780.65;83368.40;99415.08;60575.63;56067.59;35418.74;50711.87;32369.35;73333.33
1759495028.146143;49956.87;71648.66;78771.83;111863.29;66150.68;56544.02;36272.96;51303.50;33303.87;74044.77
1759495028.2591019;53075.00;73031.64;76137.26;114707.10;61416.67;58008.89;36652.34;51904.83;34447.37;74975.25
1759495028.3720078;53769.55;72831.58;76459.02;118108.88;59899.99;58653.54;36576.07;52087.16;34696.04;75500.01
1759495028.485077;53263.16;72039.66;76137.26;119874.02;62591.54;57444.44;36122.58;51422.98;34095.89;74559.50
1759495028.598113;51303.50;72039.66;80491.47;122606.73;74766.93;55264.16;35824.14;52701.50;33303.87;73942.48
1759495028.711052;51125.00;72533.05;82150.28;119206.90;84489.38;53897.22;35272.72;52950.09;32765.96;73131.99
1759495028.824094;50888.35;70116.55;83615.49;112062.49;88811.83;52639.61;34553.67;52270.40;31913.82;73031.64
1759495028.937032;53326.09;66064.51;80960.00;101073.79;90894.74;51065.69;33202.21;51783.78;31339.25;73434.31
1759495029.050102;54542.05;61108.86;73434.31;91606.55;94696.91;51602.94;32271.08;50947.37;30931.84;73232.55
1759495029.1629481;55932.53;58437.50;65636.19;84238.22;101073.79;57867.03;31370.85;50072.01;30256.38;72831.58
1759495029.276074;60198.89;58437.50;54803.06;82030.02;113882.33;74352.93;31561.23;48437.84;28357.74;71551.41
1759495029.389033;65127.66;59974.52;48218.24;86673.09;130436.54;97960.05;30075.14;45941.18;27828.54;70494.88
1759495029.502002;68361.09;60727.28;46561.64;90191.79;139162.80;115963.27;28869.57;43615.43;27581.73;70399.98
1759495029.615037;70210.84;60803.32;47087.42;97324.51;147661.05;129411.77;28245.40;41848.34;27445.66;73636.94
1759495029.7279181;71843.75;61571.43;47034.48;95457.64;144524.92;126418.47;27718.54;42258.21;27122.14;73232.55
1759495029.8408709;68542.72;61416.67;45992.46;89222.24;134951.25;116600.02;27609.03;42719.83;26908.79;72931.51
1759495029.953989;64293.11;61185.60;45533.73;78434.77;115963.27;90191.79;27746.00;44291.39;26882.26;72731.86
1759495030.066893;60424.53;59162.16;49670.64;63963.75;86673.09;55000.01;28555.55;46509.50;26829.27;72433.96
1759495030.180013;55131.86;57234.82;64791.91;68725.08;72632.35;49161.14;31307.69;47034.48;27500.00;74559.50
1759495030.2929258;54218.27;57584.82;74044.77;80960.00;63963.75;53452.26;31529.41;47945.66;29071.43;73942.48
1759495030.405911;55197.95;62910.45;77546.95;91606.55;68908.17;54477.07;32173.18;49217.39;30469.43;73535.52
1759495030.518972;54737.64;67021.75;77108.91;104530.90;76891.33;55663.80;33611.11;51006.48;31656.94;73333.33
1759495030.63202;52270.40;73636.94;76459.02;116813.59;81790.32;56957.05;35091.25;52026.29;32600.00;73535.52
1759495030.744962;53642.32;74975.25;74870.98;121455.41;78884.67;57374.44;35861.27;52270.40;33714.29;74249.98
1759495030.8580391;55932.53;76030.47;74456.12;124250.04;78659.20;57655.18;35824.14;52087.16;33748.76;73738.56
1759495030.9709911;56203.12;74870.98;73232.55;121913.72;78659.20;57026.31;35750.00;52331.69;33576.80;73942.48
1759495031.083982;55197.95;74249.98;74559.50;125446.84;83988.25;55932.53;35528.74;52701.50;33202.21;73636.94
1759495031.1970391;55264.16;72039.66;74975.25;124250.04;88134.46;55596.90;35309.15;53200.34;32799.27;73333.33
1759495031.3099258;55000.01;68542.72;77437.08;119206.90;89222.24;54607.13;34731.74;52701.50;32205.77;73031.64
1759495031.422981;54282.80;64625.00;81314.22;107625.93;85505.97;53137.62;33783.28;50947.37;31465.87;73840.41
1759495031.535959;54089.52;63312.49;82512.75;94696.91;80960.00;51602.94;32666.26;49956.87;31056.54;73535.52
1759495031.648984;55197.95;60727.28;75500.01;85892.22;84113.09;51542.86;31688.92;49386.68;30622.66;73434.31
1759495031.762201;56407.31;59308.66;66758.61;79681.73;91036.39;55264.16;31339.25;48881.20;29538.90;73738.56
1759495031.875007;60955.81;59162.16;51542.86;73840.41;105968.73;69184.21;31244.68;47513.88;27856.12;73031.64
1759495031.98793;63800.01;60123.96;45281.55;77437.08;120322.27;88811.83;29627.51;45432.63;27500.00;71068.20
1759495032.100928;66150.68;59899.99;45331.84;81670.88;131214.27;109326.55;29187.50;43567.68;27229.51;72335.08
1759495032.214205;66150.68;59899.99;44585.37;78997.77;127651.17;110290.76;28812.18;42766.36;27068.63;72137.93
1759495032.326911;64210.54;59016.19;43329.95;72236.41;118546.03;99415.08;28498.88;42719.83;27068.63;72137.93
1759495032.439896;61804.65;57867.03;41399.01;57374.44;102090.92;80960.00;28640.81;43188.13;27148.94;72335.08
1759495032.552927;58008.89;56957.05;39960.11;45838.86;78884.67;62512.19;28442.33;43519.99;27310.35;73031.64
1759495032.666121;55330.48;56271.07;37781.02;44536.19;61108.86;50653.23;28385.91;43903.44;27554.46;73333.33
1759495032.7790809;54477.07;55530.12;36462.04;42812.95;55131.86;44048.39;28357.74;44438.05;27445.66;73738.56
1759495032.8921778;54218.27;54737.64;35528.74;40302.91;56067.59;41000.00;28414.10;46095.24;27445.66;73636.94
1759495033.004941;55131.86;54934.25;33542.54;37860.46;57867.03;40562.50;29333.33;46876.14;27856.12;72039.66
1759495033.1180758;55000.01;54868.61;33134.64;35750.00;59603.25;43329.95;32533.90;47193.55;28357.74;71551.41
1759495033.230974;54542.05;55330.48;34376.72;37308.76;57444.44;48000.01;33645.46;47406.77;28927.08;71260.88
1759495033.343866;54412.21;56067.59;41000.00;42075.39;52393.07;51663.12;35972.97;48054.44;29158.43;72039.66
1759495033.456883;56681.22;58080.00;70210.84;72632.35;56681.22;52270.40;35200.00;53578.86;29686.75;70876.30
1759495033.569946;67552.69;73738.56;90331.68;125205.91;114087.59;49273.73;33542.54;55065.88;30500.00;70494.88
1759495033.6829371;74870.98;95457.64;95457.64;176874.22;153272.36;61185.60;33991.30;54542.05;30653.42;69554.87
1759495033.796027;67820.55;98441.17;101580.27;198268.98;182285.73;73636.94;32799.27;53515.50;30075.14;68451.80
1759495033.9088829;62275.02;96852.24;118546.03;209593.78;195084.41;91749.99;32075.63;54542.05;29158.43;66846.14
1759495034.021852;61882.68;96073.41;122374.98;208409.19;197197.13;107812.70;29686.75;55865.17;28697.81;64959.46
1759495034.134936;64875.60;98280.37;126174.36;195084.41;190476.36;119874.02;28612.36;54934.25;27939.02;61882.68
1759495034.247939;69184.21;100738.45;103125.01;169273.86;170499.97;118985.91;27445.66;57867.03;27391.45;61032.26
1759495034.360928;84113.09;93057.45;77878.04;134951.25;153957.02;111664.69;27691.12;66933.87;26829.27;63555.57
1759495034.4739358;93796.90;76782.89;50947.37;79681.73;130954.14;95000.02;28812.18;68816.53;26357.49;66150.68
1759495034.5868711;85505.97;61108.86;41399.01;54089.52;86542.16;77657.07;30838.71;73636.94;27828.54;65892.68
1759495034.70017;70022.46;57655.18;38995.26;48658.82;59162.16;54412.21;31593.10;68361.09;29129.40;69461.92
1759495034.812854;59899.99;58151.25;37308.76;41622.87;56271.07;40912.01;31593.10;60879.49;28840.86;70780.65
1759495034.925899;58437.50;66671.25;37308.76;39621.07;60198.89;42488.19;33817.85;54672.33;28105.68;68090.01
1759495035.03888;57796.29;68000.00;57304.57;55663.80;53263.16;52639.61;33576.80;52270.40;29042.49;69554.87
1759495035.151934;60803.32;75923.92;90612.51;99415.08;62196.26;55065.88;33887.09;55865.17;30500.00;69000.00
1759495035.264915;69741.34;86542.16;84868.34;143302.72;108187.89;53642.32;34376.72;56818.89;31276.17;70589.95
1759495035.378021;70780.65;94095.34;91178.39;168063.28;142098.34;66846.14;34165.84;57304.57;31817.21;67375.01
1759495035.490902;62591.54;96539.48;93796.90;190978.67;168868.64;89913.05;33576.80;56203.12;31276.17;66584.06
1759495035.604028;57867.03;103125.01;96539.48;206075.94;184628.44;106150.77;32435.05;56612.56;29686.75;63963.75
1759495035.7168791;56203.12;108000.02;109135.38;208409.19;194043.23;117242.68;31849.38;58365.75;28984.72;63070.81
1759495035.830091;56612.56;106150.77;128400.67;211999.95;191990.44;117674.44;29925.07;59677.24;28105.68;61493.98
1759495035.942872;62671.05;102951.47;126174.36;193011.86;177314.20;118108.88;28217.39;60198.89;27364.38;61108.86
1759495036.055903;69554.87;103473.54;102433.71;163370.41;158541.03;111072.38;27148.94;56407.31;26882.26;61726.77
1759495036.168878;82150.28;95152.16;74352.93;117027.80;140324.31;101580.27;27015.24;64708.37;26644.71;61649.03
1759495036.281884;85122.48;76999.99;51482.87;73131.99;113270.25;90894.74;27041.92;68725.08;26882.26;62353.93
1759495036.394858;74870.98;63963.75;41221.05;48714.29;75711.50;72137.93;27418.54;64708.37;27691.12;64791.91
1759495036.5078971;63555.57;60349.17;38019.98;43424.83;57514.57;48437.84;30015.01;58870.73;28697.81;70876.30
1759495036.6209211;60349.17;62990.56;36424.12;39917.52;60123.96;42442.06;32467.96;53137.62;27801.00;68633.80
1759495036.733943;58943.39;67641.80;52577.82;45031.25;56612.56;52577.82;32666.26;51243.90;28414.10;68725.08
1759495036.8468852;60123.96;68633.80;93352.09;75289.42;51602.94;57304.57;32799.27;51844.26;29865.29;68361.09
1759495036.959955;61804.65;72433.96;96383.71;118327.12;79911.77;54477.07;33303.87;56818.89;30900.76;68451.80
1759495037.0729642;71843.75;82150.28;96073.41;153614.03;127155.65;58581.40;34026.12;57867.03;31497.63;67375.01
1759495037.185867;70685.20;87598.53;97009.25;177756.14;155342.50;73636.94;33714.29;56407.31;31434.16;67286.43
1759495037.298885;63555.57;95152.16;106699.98;195608.77;173847.77;91749.99;32966.45;53833.33;30994.12;65466.02
1759495037.411894;60049.17;99415.08;111269.23;203225.02;187999.97;105787.22;31978.43;53961.21;28612.36;64708.37
1759495037.5249228;60049.17;117242.68;123072.44;209593.78;192499.94;110290.76;31434.16;59751.35;28301.51;62671.05
1759495037.637877;61726.77;104353.43;136052.66;204926.95;190476.36;109903.38;29362.60;60273.96;27939.02;61571.43
1759495037.750877;65721.52;109326.55;128652.17;185103.44;173847.77;109326.55;27773.48;60049.17;27554.46;61262.48
1759495037.8641222;71648.66;105968.73;104708.85;156043.45;153614.03;102778.40;26908.79;64875.60;27391.45;61262.48
1759495037.9768262;83122.50;96852.24;80142.87;114707.10;140324.31;97324.51;26618.46;71454.37;27445.66;61108.86
1759495038.090445;92764.32;80491.47;57514.57;71843.75;115963.27;84615.39;26592.23;79338.59;28273.44;61726.77
1759495038.203134;82030.02;65212.00;41622.87;47621.32;71454.37;70494.88;26802.82;64458.73;28329.61;67552.69
1759495038.316056;69648.01;62117.64;38100.06;39917.52;57584.82;47140.44;27148.94;58581.40;28726.35;71941.61
1759495038.429077;63555.57;61804.65;36843.89;37308.76;62910.45;41803.11;28612.36;57165.19;28329.61;71357.52
1759495038.542031;60123.96;61493.98;41757.96;38748.48;63393.36;46666.16;31339.25;55530.12;27911.36;69092.01
1759495038.655068;59677.24;61493.98;51904.83;42812.95;59235.34;51243.90;32010.79;55065.88;28161.47;67910.19
1759495038.7684438;59825.61;62117.64;60273.96;46928.84;55396.91;53326.09;32600.00;54477.07;28583.94;67641.80
1759495038.880981;58870.73;62196.26;62671.05;47783.12;54153.84;53578.86;32799.27;54025.31;28754.93;67641.80
1759495038.994132;58365.75;61262.48;58294.12;43424.83;54607.13;51783.78;32467.96;53578.86;28669.29;67641.80
1759495039.107101;57514.57;60424.53;52887.79;39536.88;57374.44;49556.79;32732.69;53769.55;28640.81;68816.53
1759495039.2202911;58653.54;58943.39;46876.14;36728.81;61032.26;46146.75;32108.11;53326.09;28442.33;70116.55
1759495039.333301;62591.54;59235.34;42580.65;34982.92;60198.89;44291.39;29746.12;53263.16;28898.31;69554.87
1759495039.4462578;69092.01;60879.49;41044.09;37191.86;56339.13;48548.16;28640.81;53326.09;28984.72;68361.09
1759495039.559263;77327.45;70210.84;45382.19;53642.32;95304.70;74663.10;28133.56;54803.06;28612.36;65721.52
1759495039.672241;87332.51;80842.47;53452.26;83988.25;130436.54;98602.40;27636.36;59089.11;28612.36;64293.11
1759495039.785259;89085.09;88948.30;62990.56;108187.89;161857.17;108187.89;27095.37;60273.96;28612.36;62117.64
1759495039.898208;86673.09;95610.98;74044.77;126174.36;178200.05;115123.26;26988.58;60123.96;28357.74;61960.86
1759495040.011102;80960.00;108754.73;88269.26;149927.50;187999.97;115542.02;27202.62;53200.34;28050.00;61108.86
1759495040.124026;76137.26;116813.59;112062.49;170089.53;194043.23;115963.27;28273.44;51844.26;27256.43;60575.63
1759495040.237011;71551.41;118327.12;122839.20;195608.77;197197.13;113473.66;31025.31;53769.55;26882.26;60123.96
1759495040.349944;67820.55;129922.42;119874.02;213221.86;197197.13;104887.32;32633.11;58294.12;26253.88;61185.60
1759495040.463022;68725.08;115123.26;111269.23;218882.42;189478.83;93499.98;32533.90;54803.06;28329.61;71164.44
1759495040.576025;75500.01;97641.43;102605.81;200995.08;161109.80;61416.67;32832.62;68361.09;31752.98;71454.37
1759495040.688979;66671.25;81314.22;95304.70;176000.06;129157.71;47034.48;33033.60;60273.96;34624.76;74352.93
1759495040.802166;62432.99;78997.77;81790.32;108187.89;82512.75;57026.31;33168.40;54025.31;34910.93;75605.64
1759495040.9150321;59751.35;64375.84;56067.59;46981.62;54412.21;57867.03;33067.24;49956.87;34731.74;75394.60
1759495041.028063;55797.93;58725.80;41712.86;37465.35;61416.67;54412.21;33168.40;48273.02;33474.14;74352.93
1759495041.141068;57444.44;57026.31;34731.74;37465.35;63393.36;47837.21;33474.14;48658.82;32238.41;73131.99
1759495041.25415;56612.56;57095.69;33542.54;37622.77;57304.57;44585.37;34376.72;50303.38;31688.92;73232.55
1759495041.367195;55865.17;57444.44;34803.28;38463.09;54218.27;48327.87;30838.71;53642.32;30962.96;71357.52
1759495041.480208;69184.21;61493.98;37980.02;49161.14;77657.07;70494.88;29450.60;58008.89;30256.38;66671.25
1759495041.593143;80842.47;77988.89;50245.39;77546.95;128904.52;106884.09;28555.55;56544.02;28527.20;63636.89
1759495041.706217;87199.99;93352.09;66323.52;108000.02;154647.03;125446.84;27691.12;55330.48;28329.61;62591.54
1759495041.819227;85122.48;107068.74;85892.22;134951.25;180449.45;129157.71;27229.51;51663.12;28161.47;61726.77
1759495041.9322162;78884.67;115332.28;101242.16;157105.33;188490.63;116174.88;27966.72;48327.87;27364.38;61493.98
1759495042.045117;73333.33;119650.95;118765.63;180449.45;191483.36;107253.91;31497.63;50129.71;26697.30;60955.81
1759495042.158157;67910.19;131214.27;118327.12;216965.63;197731.77;95764.72;32271.08;52148.14;26305.63;62353.93
1759495042.2709801;65636.19;125205.91;113882.33;218882.42;191990.44;84995.26;32271.08;58365.75;26253.88;65721.52
1759495042.383976;72236.41;107625.93;108944.79;210190.69;182285.73;75500.01;31625.00;58725.80;30653.42;70876.30
1759495042.497025;72335.08;92182.51;101750.02;196665.11;152932.03;59825.61;32205.77;70972.15;32303.80;72236.41
1759495042.610431;66410.20;82877.75;97800.52;173422.94;127402.99;46928.84;33337.84;61571.43;34624.76;75817.59
1759495042.722944;63963.75;80960.00;86021.59;128652.17;98280.37;55065.88;34839.12;56612.56;34875.00;77108.91
1759495042.835978;61108.86;64875.60;63800.01;59016.19;51723.40;57725.67;33100.92;53897.22;34839.12;76459.02
1759495042.9490209;56612.56;59016.19;44487.09;38260.86;59162.16;55596.90;31434.16;50947.37;33887.09;75817.59
1759495043.061978;54542.05;56887.91;36310.68;38707.55;64541.79;49499.99;33474.14;49670.64;32533.90;74870.98
1759495043.174956;54868.61;56067.59;33887.09;37980.02;58581.40;45635.12;33337.84;51663.12;30869.72;73738.56
1759495043.288032;55596.90;56818.89;35272.72;38422.53;56067.59;53263.16;31370.85;57234.82;30622.66;70685.20
1759495043.4009368;68633.80;64045.86;40002.75;52454.55;84741.72;68633.80;29538.90;58725.80;29245.73;66323.52
1759495043.514207;81077.80;81195.88;56612.56;86281.25;131475.28;92182.51;28217.39;59162.16;28527.20;63881.80
1759495043.6269991;84995.26;95152.16;75394.60;117674.44;162610.69;106699.98;27500.00;54347.45;28245.40;62591.54
1759495043.73996;83245.31;110680.41;98441.17;148948.80;185103.44;106333.31;26908.79;50361.45;28161.47;62039.18
1759495043.8529642;78771.83;120097.79;118985.91;170089.53;195608.77;104000.00;30165.61;50361.45;27663.73;61262.48
1759495043.965995;72335.08;119874.02;126418.47;198268.98;199896.58;99578.93;33067.24;52270.40;26776.39;60651.39
1759495044.0789208;67021.75;134951.25;123541.16;220830.25;203225.02;93796.90;33645.46;54868.61;26073.64;61882.68
1759495044.1919942;65807.02;124012.93;115963.27;223476.88;203225.02;86411.55;33134.64;54868.61;26176.47;62353.93
1759495044.3049989;71260.88;108376.29;110096.78;214456.63;186060.03;69834.85;32075.63;54542.05;27068.63;68000.00
1759495044.417922;73232.55;95457.64;104000.00;197731.77;159633.13;58581.40;31849.38;54803.06;31276.17;72533.05
1759495044.530902;69369.16;80842.47;94696.91;166867.92;122606.73;51965.51;32336.55;54934.25;32866.02;74456.12
1759495044.644175;66323.52;79338.59;83739.45;113473.66;89635.70;58294.12;32435.05;53263.16;33303.87;75394.60
1759495044.7570071;60575.63;63963.75;66497.04;63636.89;54218.27;58222.62;33100.92;51422.98;33067.24;75923.92
1759495044.8699992;57796.29;59235.34;54153.84;44782.80;56957.05;56407.31;32866.02;51125.00;32402.18;75079.75
1759495044.982903;56339.13;57234.82;43472.38;40432.44;60879.49;52393.07;32435.05;50770.60;31817.21;74559.50
1759495045.0958579;55932.53;56067.59;38301.20;39917.52;62990.56;49613.66;32173.18;51965.51;31276.17;73738.56
1759495045.208886;56339.13;55797.93;36959.43;39578.95;62196.26;48327.87;32205.77;52270.40;30900.76;73636.94
1759495045.321968;56407.31;55463.46;36805.48;39832.53;60049.17;48382.82;32369.35;52950.09;30622.66;73232.55
1759495045.434912;56271.07;55932.53;41354.43;43615.43;57655.18;50303.38;33748.76;53515.50;30561.26;72931.51
1759495045.548023;56067.59;56612.56;48881.20;58943.39;56203.12;52148.14;35750.00;53578.86;30900.76;73131.99
1759495045.661061;56957.05;58437.50;58581.40;86935.91;75184.48;52209.22;34482.76;51904.83;30962.96;72433.96
1759495045.773945;60349.17;61804.65;68542.72;120547.46;108754.73;48218.24;33067.24;53642.32;31119.11;71551.41
1759495045.887001;64791.91;70972.15;78659.20;141799.98;127402.99;49273.73;33714.29;55131.86;31213.23;70972.15
1759495046.000118;70685.20;78546.86;84995.26;146707.91;134135.14;52701.50;33611.11;54218.27;31087.80;70876.30
1759495046.112878;70116.55;76782.89;89085.09;135775.86;122839.20;47140.44;32866.02;53389.12;31181.82;70399.98
1759495046.226027;68542.72;73840.41;88269.26;117674.44;108376.29;51783.78;31720.93;52763.49;31276.17;71454.37
1759495046.338963;67109.80;70589.95;83491.82;102433.71;90753.45;54672.33;30994.12;51065.69;31244.68;71260.88
1759495046.4520829;65381.18;68000.00;73942.48;82877.75;71164.44;55463.46;30807.74;50014.40;31056.54;71357.52
1759495046.564967;64128.11;66237.02;62117.64;64541.79;59162.16;54542.05;31025.31;50014.40;30994.12;71551.41
1759495046.678012;63474.37;65466.02;58725.80;57444.44;57655.18;52577.82;31150.44;51184.40;30561.26;71843.75
1759495046.79099;62432.99;64128.11;57725.67;55463.46;56887.91;52148.14;31119.11;52701.50;30286.71;71648.66
1759495046.904137;61339.51;63881.80;59974.52;60049.17;55596.90;51602.94;31307.69;54737.64;30195.83;71551.41
1759495047.017123;60500.01;64708.37;63963.75;78546.86;66584.06;51184.40;31752.98;53075.00;30347.47;71454.37
1759495047.130072;60198.89;64625.00;71068.20;99578.93;85377.84;49273.73;32075.63;52763.49;30622.66;71746.10
1759495047.2430878;61804.65;68908.17;80842.47;120322.27;105787.22;45685.96;32899.45;53263.16;31056.54;71164.44
1759495047.356333;65721.52;74456.12;84868.34;133595.81;112663.67;45081.16;33202.21;52701.50;31529.41;70972.15
1759495047.469059;70305.32;77327.45;88811.83;136888.91;118108.88;45685.96;33033.60;52454.55;31946.11;70494.88
1759495047.5825448;74559.50;80491.47;91893.80;134951.25;117891.31;46095.24;32732.69;52393.07;31817.21;70876.30
1759495047.6950169;73942.48;83491.82;95764.72;120773.37;114087.59;48382.82;32303.80;51844.26;31593.10;70305.32
1759495047.8080661;72039.66;80258.80;88134.46;106516.38;103299.03;51363.19;31276.17;51542.86;31276.17;70685.20
1759495047.921257;70399.98;74249.98;73840.41;87865.84;88269.26;52825.59;30684.21;50653.23;31025.31;70780.65
1759495048.034008;67198.03;69369.16;62990.56;71164.44;71843.75;53263.16;30530.61;50711.87;30745.90;71164.44
1759495048.1471229;65043.48;66150.68;56957.05;56612.56;60349.17;53200.34;30530.61;50594.69;30530.61;71357.52
1759495048.260098;62039.18;62671.05;49842.10;44487.09;57796.29;52209.22;30745.90;49842.10;30377.91;71941.61
1759495048.373031;59089.11;60424.53;44487.09;39202.45;59089.11;50888.35;30653.42;49556.79;30347.47;72533.05
1759495048.486259;57165.19;58798.21;40562.50;37940.12;61804.65;49330.16;31025.31;48714.29;30045.06;73131.99
1759495048.599039;56339.13;57165.19;36160.10;37075.41;63636.89;48382.82;31276.17;47353.34;29925.07;73131.99
1759495048.7122471;55865.17;57234.82;34660.38;36122.58;63151.22;47567.56;31213.23;46561.64;29775.86;73333.33
1759495048.825141;55463.46;56681.22;34200.88;35676.06;62990.56;47300.00;31402.49;46198.34;29835.44;73333.33
1759495048.9381068;55065.88;56407.31;34095.89;35602.30;62039.18;46718.54;31307.69;46095.24;29805.64;73636.94
1759495049.051245;55131.86;56135.30;33748.76;35382.17;61649.03;46198.34;31370.85;45231.34;29805.64;73636.94
1759495049.164286;54934.25;56067.59;34518.20;36197.67;59825.61;45992.46;31497.63;44683.94;29865.29;73434.31
1759495049.277202;55131.86;56271.07;38789.48;40216.86;57026.31;46509.50;31244.68;44733.33;29985.00;72831.58
1759495049.390217;54934.25;56407.31;41938.97;44000.00;56271.07;47353.34;30776.80;44340.21;29925.07;73131.99
1759495049.503249;61032.26;60727.28;47729.11;60123.96;64541.79;49273.73;30715.04;44931.65;29686.75;72731.86
1759495049.6162822;67552.69;69554.87;57026.31;78211.34;89085.09;51783.78;31339.25;45787.82;29509.43;72137.93
1759495049.729266;68725.08;76782.89;70305.32;96228.36;103824.02;52577.82;31913.82;46613.86;29597.94;72335.08
1759495049.8422332;68633.80;80842.47;84363.65;112462.68;110290.76;51006.48;32500.91;47513.88;30015.01;71648.66
1759495049.9552152;67198.03;84489.38;95304.70;123776.66;120097.79;49499.99;33000.00;48658.82;30226.09;71454.37
1759495050.06818;64875.60;81670.88;97960.05;127651.17;118327.12;48492.96;33100.92;48163.55;30684.21;71941.61
1759495050.1812549;61804.65;73738.56;93499.98;123072.44;113677.70;48000.01;32765.96;47353.34;31370.85;73031.64
1759495050.294233;56135.30;62432.99;72137.93;78659.20;79567.09;49330.16;31817.21;46770.99;30561.26;74249.98
1759495050.407158;56407.31;58222.62;36843.89;38666.67;56818.89;49330.16;31593.10;45483.14;29304.10;74870.98
1759495050.520227;56750.00;56681.22;35382.17;36728.81;58008.89;48825.47;31434.16;45281.55;28726.35;74870.98
1759495050.633203;55865.17;56407.31;34767.48;35824.14;58581.40;46928.84;31244.68;45031.25;28669.29;75079.75
1759495050.746241;55000.01;56000.00;34624.76;36652.34;56544.02;46250.00;31497.63;44487.09;28640.81;74663.10
1759495050.859311;54934.25;56203.12;37075.41;39705.48;54607.13;47513.88;31593.10;44683.94;28527.20;73942.48
1759495050.972197;57165.19;57655.18;37820.71;45889.98;69184.21;52639.61;31370.85;45031.25;28273.44;74249.98
1759495051.085165;62591.54;61262.48;40605.98;63151.22;90191.79;60424.53;31150.44;45483.14;27966.72;73840.41
1759495051.1982222;67820.55;67286.43;45787.82;74870.98;100905.89;63151.22;30962.96;46250.00;27801.00;73738.56
1759495051.3111281;69276.59;72039.66;51363.19;83739.45;107439.63;63881.80;31119.11;46718.54;27691.12;73333.33
1759495051.4243069;68816.53;76566.74;59603.25;91320.75;109710.54;62432.99;31370.85;47087.42;27773.48;73031.64
1759495051.537226;67109.80;78434.77;70399.98;101920.23;110290.76;57444.44;31688.92;47513.88;28442.33;72433.96
1759495051.6503592;65381.18;77546.95;82634.13;110290.76;109903.38;53075.00;31881.58;47353.34;28955.88;71843.75
1759495051.763204;62512.19;72731.86;86411.55;108376.29;104176.47;50419.62;31720.93;46198.34;29187.50;72137.93
1759495051.876299;58798.21;66064.51;77767.43;92910.70;95304.70;48327.87;31593.10;45685.96;29216.60;72931.51
1759495051.989172;57374.44;60955.81;54089.52;61804.65;73333.33;48825.47;31529.41;45131.14;28612.36;73031.64
1759495052.1021829;56957.05;57867.03;34803.28;39705.48;55000.01;47460.29;31465.87;45131.14;27994.45;73738.56
1759495052.215134;56271.07;56681.22;34553.67;37114.18;58151.25;44733.33;31849.38;45331.84;27939.02;73840.41
1759495052.328141;55865.17;56067.59;34060.99;35750.00;59016.19;43663.26;31752.98;45231.34;28022.21;73535.52
1759495052.441165;56544.02;55932.53;34518.20;36500.00;58581.40;43377.35;31529.41;45131.14;27966.72;73840.41
1759495052.554383;58943.39;56135.30;35824.14;40475.73;55730.80;48382.82;30377.91;44683.94;27939.02;74147.27
1759495052.667254;60879.49;56203.12;36197.67;43046.93;54025.31;50303.38;29509.43;44340.21;28022.21;73840.41
1759495052.780235;61032.26;56000.00;35861.27;43000.00;53200.34;50245.39;29158.43;44340.21;27966.72;73535.52
1759495052.893093;60727.28;56135.30;35935.69;42953.13;53263.16;50361.45;29129.40;44291.39;27856.12;73434.31
1759495053.0063832;60198.89;56203.12;36010.30;42442.06;52887.79;49727.70;28984.72;44193.98;27939.02;73434.31
1759495053.1191292;59974.52;56203.12;35602.30;42212.41;52950.09;49443.30;28984.72;44000.00;27828.54;73031.64
1759495053.232186;59974.52;55932.53;35418.74;42488.19;52763.49;49273.73;29013.59;44048.39;27856.12;73232.55
1759495053.3451881;59529.41;56000.00;35455.36;42258.21;52393.07;49161.14;28927.08;44242.65;27691.12;72831.58
1759495053.45815;59162.16;55730.80;35713.01;41984.38;52393.07;48769.84;28869.57;44242.65;27746.00;72931.51
1759495053.571083;59016.19;55865.17;35272.72;41667.84;52087.16;48327.87;28955.88;44145.38;27801.00;72632.35
1759495053.684114;58870.73;55797.93;35272.72;41354.43;52270.40;48163.55;28984.72;44145.38;27773.48;73434.31
1759495053.797131;58943.39;55663.80;35055.09;41354.43;51723.40;47729.11;28840.86;44048.39;27828.54;73031.64
1759495053.9102778;58581.40;55730.80;35055.09;40868.11;51482.87;47621.32;28984.72;44242.65;27773.48;72831.58
1759495054.023149;58509.39;55463.46;34910.93;40475.73;51663.12;47193.55;28955.88;44193.98;27828.54;72236.41
1759495054.136269;58365.75;55197.95;34839.12;40562.50;51602.94;47034.48;28898.31;44340.21;27828.54;72533.05
1759495054.24911;58509.39;55730.80;34731.74;40432.44;51542.86;46770.99;28927.08;44242.65;27718.54;72335.08
1759495054.362272;58365.75;55663.80;34803.28;40216.86;51243.90;46613.86;28840.86;44389.10;27801.00;72335.08
1759495054.475153;58365.75;55463.46;34767.48;40346.03;50888.35;46250.00;28869.57;44193.98;27746.00;71941.61
1759495054.5882602;58294.12;55596.90;34803.28;40389.20;51243.90;46353.57;28955.88;44438.05;27801.00;72236.41
1759495054.7010822;58725.80;55663.80;34946.90;40346.03;51125.00;46250.00;28927.08;44340.21;27801.00;72236.41
1759495054.814226;58365.75;55730.80;34946.90;40389.20;51184.40;46095.24;28955.88;44389.10;27746.00;72137.93
